serotonin_level,salience_lie,salience_truth,choice,rt,raa_cycles,threshold,norms,final_evidence
0.0,0.1,0.1,action_lie,1.8100000000000014,0,1.0,"{'lie': -0.7, 'truth': 0.7}","{'action_lie': 1.1204027774003296, 'action_truth': 0.6608993565643083}"
0.0,0.1,0.1,action_lie,1.8200000000000014,1,1.0,"{'lie': -0.7, 'truth': 0.7}","{'action_lie': 1.7811931681803292, 'action_truth': 0.8900284404669667}"
0.0,0.1,0.1,action_lie,1.8400000000000014,0,1.0,"{'lie': -0.7, 'truth': 0.7}","{'action_lie': 1.1029593177243397, 'action_truth': 1.5246625293606928}"
0.0,0.1,0.1,action_truth,1.8100000000000014,0,1.0,"{'lie': -0.7, 'truth': 0.7}","{'action_lie': 0.8360508627861203, 'action_truth': 1.2046191861510818}"
0.0,0.1,0.1,action_lie,1.8200000000000014,1,1.0,"{'lie': -0.7, 'truth': 0.7}","{'action_lie': 1.8317197917570065, 'action_truth': 1.5227550339180145}"
0.0,0.1,0.1,action_lie,1.8100000000000014,0,1.0,"{'lie': -0.7, 'truth': 0.7}","{'action_lie': 1.0246933065209445, 'action_truth': 1.0199527696069444}"
0.0,0.1,0.1,action_truth,1.8100000000000014,0,1.0,"{'lie': -0.7, 'truth': 0.7}","{'action_lie': 0.32958279377034094, 'action_truth': 1.2205392869860916}"
0.0,0.1,0.1,action_lie,1.8100000000000014,0,1.0,"{'lie': -0.7, 'truth': 0.7}","{'action_lie': 1.105696328023084, 'action_truth': 0.7524770556306171}"
0.0,0.1,0.1,action_lie,1.8100000000000014,0,1.0,"{'lie': -0.7, 'truth': 0.7}","{'action_lie': 1.1418683224938426, 'action_truth': 1.0410951580042307}"
0.0,0.1,0.1,action_truth,1.8100000000000014,0,1.0,"{'lie': -0.7, 'truth': 0.7}","{'action_lie': 0.5571819272128284, 'action_truth': 1.303491303516877}"
0.0,0.1,0.1,action_lie,1.8200000000000014,1,1.0,"{'lie': -0.7, 'truth': 0.7}","{'action_lie': 1.5993773013510795, 'action_truth': 1.1208588084961584}"
0.0,0.1,0.1,action_lie,1.8100000000000014,0,1.0,"{'lie': -0.7, 'truth': 0.7}","{'action_lie': 1.0050754687349939, 'action_truth': 0.33096686888694643}"
0.0,0.1,0.1,action_truth,1.8100000000000014,0,1.0,"{'lie': -0.7, 'truth': 0.7}","{'action_lie': 0.7923220792004858, 'action_truth': 1.204947301138614}"
0.0,0.1,0.1,action_lie,1.8200000000000014,1,1.0,"{'lie': -0.7, 'truth': 0.7}","{'action_lie': 1.277931283117041, 'action_truth': 1.912530396440761}"
0.0,0.1,0.1,action_truth,1.8100000000000014,0,1.0,"{'lie': -0.7, 'truth': 0.7}","{'action_lie': 0.7092684959259999, 'action_truth': 1.0403255627689612}"
0.0,0.1,0.1,action_lie,1.8600000000000014,1,1.0,"{'lie': -0.7, 'truth': 0.7}","{'action_lie': 1.4728072261385887, 'action_truth': 1.2839043843174192}"
0.0,0.1,0.1,action_lie,1.8300000000000014,1,1.0,"{'lie': -0.7, 'truth': 0.7}","{'action_lie': 1.7841150689353107, 'action_truth': 1.6179972706483463}"
0.0,0.1,0.1,action_lie,1.8200000000000014,1,1.0,"{'lie': -0.7, 'truth': 0.7}","{'action_lie': 1.2161163870988936, 'action_truth': 1.5773070629928585}"
0.0,0.1,0.1,action_lie,2.1299999999999986,1,1.0,"{'lie': -0.7, 'truth': 0.7}","{'action_lie': 1.001369557303285, 'action_truth': 0.3128268193656592}"
0.0,0.1,0.1,action_lie,1.9300000000000015,1,1.0,"{'lie': -0.7, 'truth': 0.7}","{'action_lie': 1.0029237002786875, 'action_truth': 0.7011187862467981}"
0.0,0.1,0.1,action_truth,1.8100000000000014,0,1.0,"{'lie': -0.7, 'truth': 0.7}","{'action_lie': 0.6368891868174088, 'action_truth': 1.0775805324804377}"
0.0,0.1,0.1,action_truth,1.8100000000000014,0,1.0,"{'lie': -0.7, 'truth': 0.7}","{'action_lie': 0.2817988832329825, 'action_truth': 1.1584566410826809}"
0.0,0.1,0.1,action_lie,1.8200000000000014,1,1.0,"{'lie': -0.7, 'truth': 0.7}","{'action_lie': 1.8551144125999277, 'action_truth': 0.8796261254779076}"
0.0,0.1,0.1,action_lie,1.8200000000000014,1,1.0,"{'lie': -0.7, 'truth': 0.7}","{'action_lie': 1.0356232188349639, 'action_truth': 1.4444366870887173}"
0.0,0.1,0.1,action_lie,1.8200000000000014,1,1.0,"{'lie': -0.7, 'truth': 0.7}","{'action_lie': 1.1947604720976668, 'action_truth': 1.3244024575921702}"
0.0,0.1,0.1,action_lie,1.8200000000000014,1,1.0,"{'lie': -0.7, 'truth': 0.7}","{'action_lie': 1.5008711310510086, 'action_truth': 1.2454288067288497}"
0.0,0.1,0.1,action_lie,1.8100000000000014,0,1.0,"{'lie': -0.7, 'truth': 0.7}","{'action_lie': 1.3231377681866041, 'action_truth': 0.7090532790216247}"
0.0,0.1,0.1,action_truth,1.8100000000000014,0,1.0,"{'lie': -0.7, 'truth': 0.7}","{'action_lie': 0.7172174338350782, 'action_truth': 1.2370781119880423}"
0.0,0.1,0.1,action_lie,1.8200000000000014,1,1.0,"{'lie': -0.7, 'truth': 0.7}","{'action_lie': 1.8066194069898256, 'action_truth': 1.714192872121995}"
0.0,0.1,0.1,action_lie,1.8200000000000014,1,1.0,"{'lie': -0.7, 'truth': 0.7}","{'action_lie': 1.5445851720868056, 'action_truth': 1.7538493903952297}"
0.0,0.1,0.1,action_lie,1.8100000000000014,0,1.0,"{'lie': -0.7, 'truth': 0.7}","{'action_lie': 1.2192582525026043, 'action_truth': 0.8442771422319606}"
0.0,0.1,0.1,action_truth,1.8200000000000014,1,1.0,"{'lie': -0.7, 'truth': 0.7}","{'action_lie': 0.8968696225152528, 'action_truth': 1.4490921704029103}"
0.0,0.1,0.1,action_lie,1.8200000000000014,1,1.0,"{'lie': -0.7, 'truth': 0.7}","{'action_lie': 1.4545522629221497, 'action_truth': 1.6312864989396694}"
0.0,0.1,0.1,action_lie,1.8200000000000014,1,1.0,"{'lie': -0.7, 'truth': 0.7}","{'action_lie': 1.4111840466343621, 'action_truth': 1.4621820537860217}"
0.0,0.1,0.1,action_lie,1.9000000000000015,1,1.0,"{'lie': -0.7, 'truth': 0.7}","{'action_lie': 1.7830156351627628, 'action_truth': 1.0134538706505838}"
0.0,0.1,0.1,action_lie,1.8200000000000014,1,1.0,"{'lie': -0.7, 'truth': 0.7}","{'action_lie': 1.3076685506579588, 'action_truth': 1.1873202818662636}"
0.0,0.1,0.1,action_lie,1.8200000000000014,1,1.0,"{'lie': -0.7, 'truth': 0.7}","{'action_lie': 1.5311970056720539, 'action_truth': 1.2410863081385304}"
0.0,0.1,0.1,action_lie,1.8200000000000014,1,1.0,"{'lie': -0.7, 'truth': 0.7}","{'action_lie': 1.4288228035362613, 'action_truth': 1.5849956546228499}"
0.0,0.1,0.1,action_lie,1.8700000000000014,1,1.0,"{'lie': -0.7, 'truth': 0.7}","{'action_lie': 1.0025326407782245, 'action_truth': 0.8090810420860092}"
0.0,0.1,0.1,action_lie,1.8200000000000014,1,1.0,"{'lie': -0.7, 'truth': 0.7}","{'action_lie': 1.6704109501690716, 'action_truth': 1.251076397835642}"
0.0,0.1,0.1,action_lie,1.8200000000000014,1,1.0,"{'lie': -0.7, 'truth': 0.7}","{'action_lie': 1.7787081602827657, 'action_truth': 0.9240118282225135}"
0.0,0.1,0.1,action_lie,1.8100000000000014,0,1.0,"{'lie': -0.7, 'truth': 0.7}","{'action_lie': 1.284927892272596, 'action_truth': 0.45933026045758957}"
0.0,0.1,0.1,action_lie,1.8100000000000014,0,1.0,"{'lie': -0.7, 'truth': 0.7}","{'action_lie': 1.3082996435549712, 'action_truth': 1.227331500799925}"
0.0,0.1,0.1,action_truth,1.8100000000000014,0,1.0,"{'lie': -0.7, 'truth': 0.7}","{'action_lie': 0.5089310712927765, 'action_truth': 1.0615915728986793}"
0.0,0.1,0.1,action_lie,1.8200000000000014,1,1.0,"{'lie': -0.7, 'truth': 0.7}","{'action_lie': 1.0077625700021209, 'action_truth': 0.41531052521131095}"
0.0,0.1,0.1,action_lie,1.9600000000000015,1,1.0,"{'lie': -0.7, 'truth': 0.7}","{'action_lie': 1.0006401683327502, 'action_truth': 0.9031904611928149}"
0.0,0.1,0.1,action_lie,1.9300000000000015,1,1.0,"{'lie': -0.7, 'truth': 0.7}","{'action_lie': 1.0043647688254462, 'action_truth': 0.8742748897102374}"
0.0,0.1,0.1,action_lie,1.8200000000000014,1,1.0,"{'lie': -0.7, 'truth': 0.7}","{'action_lie': 1.4570467778908458, 'action_truth': 1.5951103459695837}"
0.0,0.1,0.1,action_lie,1.8200000000000014,1,1.0,"{'lie': -0.7, 'truth': 0.7}","{'action_lie': 1.6923297972014817, 'action_truth': 1.2687156465443665}"
0.0,0.1,0.1,action_truth,1.9500000000000015,1,1.0,"{'lie': -0.7, 'truth': 0.7}","{'action_lie': 0.7674973411584557, 'action_truth': 1.008813084225631}"
0.0,0.1,0.1,action_lie,1.8100000000000014,0,1.0,"{'lie': -0.7, 'truth': 0.7}","{'action_lie': 1.2426111297173716, 'action_truth': 1.4071985081372806}"
0.0,0.1,0.1,action_lie,2.0899999999999994,1,1.0,"{'lie': -0.7, 'truth': 0.7}","{'action_lie': 1.0172708990820722, 'action_truth': 0.4778591037403726}"
0.0,0.1,0.1,action_lie,1.8200000000000014,1,1.0,"{'lie': -0.7, 'truth': 0.7}","{'action_lie': 1.4687971038453258, 'action_truth': 1.5306120739647968}"
0.0,0.1,0.1,action_lie,1.8300000000000014,1,1.0,"{'lie': -0.7, 'truth': 0.7}","{'action_lie': 1.8840916039780147, 'action_truth': 1.6809223268549127}"
0.0,0.1,0.1,action_lie,1.8200000000000014,1,1.0,"{'lie': -0.7, 'truth': 0.7}","{'action_lie': 1.3283372155932758, 'action_truth': 1.3095887062674443}"
0.0,0.1,0.1,action_lie,1.8200000000000014,0,1.0,"{'lie': -0.7, 'truth': 0.7}","{'action_lie': 1.236723002070759, 'action_truth': 1.4782422207797044}"
0.0,0.1,0.1,action_lie,1.8100000000000014,0,1.0,"{'lie': -0.7, 'truth': 0.7}","{'action_lie': 1.0570994006595298, 'action_truth': 1.1664305061753708}"
0.0,0.1,0.1,action_lie,1.8100000000000014,0,1.0,"{'lie': -0.7, 'truth': 0.7}","{'action_lie': 1.1210977806550346, 'action_truth': 1.13214260320006}"
0.0,0.1,0.1,action_truth,1.8100000000000014,0,1.0,"{'lie': -0.7, 'truth': 0.7}","{'action_lie': 0.47935444840376823, 'action_truth': 1.2479604969928533}"
0.0,0.1,0.1,action_lie,1.8600000000000014,1,1.0,"{'lie': -0.7, 'truth': 0.7}","{'action_lie': 1.9208457076429382, 'action_truth': 1.423708588620745}"
0.0,0.1,0.1,action_lie,1.8200000000000014,1,1.0,"{'lie': -0.7, 'truth': 0.7}","{'action_lie': 1.5001403574593721, 'action_truth': 1.5706025398180516}"
0.0,0.1,0.1,action_lie,1.8200000000000014,1,1.0,"{'lie': -0.7, 'truth': 0.7}","{'action_lie': 1.3485023941801342, 'action_truth': 1.2055697175942002}"
0.0,0.1,0.1,action_truth,1.8100000000000014,0,1.0,"{'lie': -0.7, 'truth': 0.7}","{'action_lie': 0.7138708497209643, 'action_truth': 1.109341745086704}"
0.0,0.1,0.1,action_lie,1.8100000000000014,0,1.0,"{'lie': -0.7, 'truth': 0.7}","{'action_lie': 1.0648392420260988, 'action_truth': 0.53558270231363}"
0.0,0.1,0.1,action_lie,1.8200000000000014,1,1.0,"{'lie': -0.7, 'truth': 0.7}","{'action_lie': 1.3671382408233301, 'action_truth': 1.279904461926728}"
0.0,0.1,0.1,action_lie,1.8200000000000014,1,1.0,"{'lie': -0.7, 'truth': 0.7}","{'action_lie': 1.7367901452261432, 'action_truth': 1.4706386961367586}"
0.0,0.1,0.1,action_lie,1.8200000000000014,1,1.0,"{'lie': -0.7, 'truth': 0.7}","{'action_lie': 1.1462565296658433, 'action_truth': 1.670991193981459}"
0.0,0.1,0.1,action_truth,1.8400000000000014,1,1.0,"{'lie': -0.7, 'truth': 0.7}","{'action_lie': 0.8348014389696045, 'action_truth': 1.0030966912136134}"
0.0,0.1,0.1,action_lie,1.8200000000000014,1,1.0,"{'lie': -0.7, 'truth': 0.7}","{'action_lie': 1.5940252402518353, 'action_truth': 1.6922912774447416}"
0.0,0.1,0.1,action_lie,1.8100000000000014,0,1.0,"{'lie': -0.7, 'truth': 0.7}","{'action_lie': 1.0365810655883627, 'action_truth': 0.7402954376784755}"
0.0,0.1,0.1,action_lie,1.8200000000000014,1,1.0,"{'lie': -0.7, 'truth': 0.7}","{'action_lie': 1.3264987686025136, 'action_truth': 1.4586374986568422}"
0.0,0.1,0.1,action_truth,1.9100000000000015,1,1.0,"{'lie': -0.7, 'truth': 0.7}","{'action_lie': 0.37150001160552526, 'action_truth': 1.0312747798644786}"
0.0,0.1,0.1,action_lie,1.8200000000000014,1,1.0,"{'lie': -0.7, 'truth': 0.7}","{'action_lie': 1.385182460566456, 'action_truth': 1.332572434114643}"
0.0,0.1,0.1,action_truth,1.8100000000000014,0,1.0,"{'lie': -0.7, 'truth': 0.7}","{'action_lie': 0.6450748556640442, 'action_truth': 1.157270207993999}"
0.0,0.1,0.1,action_lie,1.9700000000000015,1,1.0,"{'lie': -0.7, 'truth': 0.7}","{'action_lie': 1.0227322516006703, 'action_truth': 0.8076188218057214}"
0.0,0.1,0.1,action_lie,1.8100000000000014,0,1.0,"{'lie': -0.7, 'truth': 0.7}","{'action_lie': 1.1057121622118071, 'action_truth': 0.5429978884121793}"
0.0,0.1,0.1,action_truth,1.8100000000000014,0,1.0,"{'lie': -0.7, 'truth': 0.7}","{'action_lie': 0.701544797370644, 'action_truth': 1.1684933574272345}"
0.0,0.1,0.1,action_lie,1.8200000000000014,1,1.0,"{'lie': -0.7, 'truth': 0.7}","{'action_lie': 1.4330517281311381, 'action_truth': 1.062600417192606}"
0.0,0.1,0.1,action_lie,1.8100000000000014,0,1.0,"{'lie': -0.7, 'truth': 0.7}","{'action_lie': 1.2555131722888595, 'action_truth': 0.5928081398464566}"
0.0,0.1,0.1,action_lie,1.8500000000000014,1,1.0,"{'lie': -0.7, 'truth': 0.7}","{'action_lie': 1.0095841928126819, 'action_truth': 0.93143758302978}"
0.0,0.1,0.1,action_lie,1.8200000000000014,1,1.0,"{'lie': -0.7, 'truth': 0.7}","{'action_lie': 1.225131558574372, 'action_truth': 1.2265909977903144}"
0.0,0.1,0.1,action_lie,1.8100000000000014,0,1.0,"{'lie': -0.7, 'truth': 0.7}","{'action_lie': 1.1573001327729928, 'action_truth': 0.6051776199132192}"
0.0,0.1,0.1,action_truth,1.8100000000000014,0,1.0,"{'lie': -0.7, 'truth': 0.7}","{'action_lie': 0.9122993950334561, 'action_truth': 1.077836454072785}"
0.0,0.1,0.1,action_truth,1.8100000000000014,0,1.0,"{'lie': -0.7, 'truth': 0.7}","{'action_lie': 0.24529658874582183, 'action_truth': 1.2566155478344678}"
0.0,0.1,0.1,action_truth,1.6700000000000013,0,1.0,"{'lie': -0.7, 'truth': 0.7}","{'action_lie': 0.4118093240052829, 'action_truth': 1.0054242898323378}"
0.0,0.1,0.1,action_lie,1.8500000000000014,1,1.0,"{'lie': -0.7, 'truth': 0.7}","{'action_lie': 1.02070121979283, 'action_truth': 1.43600859520794}"
0.0,0.1,0.1,action_lie,1.9500000000000015,1,1.0,"{'lie': -0.7, 'truth': 0.7}","{'action_lie': 1.0059788528660212, 'action_truth': 0.27392757930625283}"
0.0,0.1,0.1,action_lie,1.8200000000000014,1,1.0,"{'lie': -0.7, 'truth': 0.7}","{'action_lie': 1.5703732783750681, 'action_truth': 1.924287982201365}"
0.0,0.1,0.1,action_lie,1.8200000000000014,1,1.0,"{'lie': -0.7, 'truth': 0.7}","{'action_lie': 1.249363088418108, 'action_truth': 1.281060370891591}"
0.0,0.1,0.1,action_truth,1.8500000000000014,1,1.0,"{'lie': -0.7, 'truth': 0.7}","{'action_lie': 0.8051465823570195, 'action_truth': 1.0063779661162053}"
0.0,0.1,0.1,action_truth,1.8100000000000014,0,1.0,"{'lie': -0.7, 'truth': 0.7}","{'action_lie': 0.6917082201649806, 'action_truth': 1.1417774878845655}"
0.0,0.1,0.1,action_truth,1.8200000000000014,1,1.0,"{'lie': -0.7, 'truth': 0.7}","{'action_lie': 0.9818833356736741, 'action_truth': 1.2073418727920961}"
0.0,0.1,0.1,action_lie,1.9000000000000015,1,1.0,"{'lie': -0.7, 'truth': 0.7}","{'action_lie': 1.0022156749429725, 'action_truth': 0.8844905233935835}"
0.0,0.1,0.1,action_truth,1.8100000000000014,0,1.0,"{'lie': -0.7, 'truth': 0.7}","{'action_lie': 0.8677875028951173, 'action_truth': 1.1916739114013486}"
0.0,0.1,0.1,action_lie,1.8300000000000014,1,1.0,"{'lie': -0.7, 'truth': 0.7}","{'action_lie': 1.7313347985636096, 'action_truth': 1.326225038097357}"
0.0,0.1,0.1,action_truth,1.8600000000000014,1,1.0,"{'lie': -0.7, 'truth': 0.7}","{'action_lie': 0.9688992494176146, 'action_truth': 1.0359505948243095}"
0.0,0.1,0.1,action_truth,1.8100000000000014,0,1.0,"{'lie': -0.7, 'truth': 0.7}","{'action_lie': 0.8066811082748095, 'action_truth': 1.2481872701344823}"
0.0,0.1,0.1,action_lie,1.8200000000000014,1,1.0,"{'lie': -0.7, 'truth': 0.7}","{'action_lie': 1.6166383581058799, 'action_truth': 1.4064513260330673}"
0.0,0.1,0.1,action_lie,1.8200000000000014,1,1.0,"{'lie': -0.7, 'truth': 0.7}","{'action_lie': 1.5867630859145292, 'action_truth': 1.3551154898115694}"
0.0,0.1,0.1,action_lie,1.8100000000000014,0,1.0,"{'lie': -0.7, 'truth': 0.7}","{'action_lie': 1.0263141824656816, 'action_truth': 0.7008591875403555}"
0.0,0.1,0.1,action_lie,1.8200000000000014,1,1.0,"{'lie': -0.7, 'truth': 0.7}","{'action_lie': 1.484867590044764, 'action_truth': 1.244792012724903}"
0.0,0.1,0.1,action_lie,1.8100000000000014,0,1.0,"{'lie': -0.7, 'truth': 0.7}","{'action_lie': 1.2452949374828175, 'action_truth': 0.7503605649936107}"
0.0,0.1,0.1,action_lie,1.8100000000000014,0,1.0,"{'lie': -0.7, 'truth': 0.7}","{'action_lie': 1.2488874229819416, 'action_truth': 0.6884115105749739}"
0.0,0.1,0.1,action_truth,1.8100000000000014,0,1.0,"{'lie': -0.7, 'truth': 0.7}","{'action_lie': 0.8304730649250588, 'action_truth': 1.105554086911684}"
0.0,0.1,0.1,action_lie,1.8100000000000014,0,1.0,"{'lie': -0.7, 'truth': 0.7}","{'action_lie': 1.0616246874796058, 'action_truth': 1.0471199195600318}"
0.0,0.1,0.1,action_lie,1.8200000000000014,1,1.0,"{'lie': -0.7, 'truth': 0.7}","{'action_lie': 1.1784174548967776, 'action_truth': 1.3052951902645893}"
0.0,0.1,0.1,action_lie,1.8200000000000014,1,1.0,"{'lie': -0.7, 'truth': 0.7}","{'action_lie': 1.4279860484725815, 'action_truth': 1.3412305957496142}"
0.0,0.1,0.1,action_truth,1.8100000000000014,0,1.0,"{'lie': -0.7, 'truth': 0.7}","{'action_lie': 0.5539824518098937, 'action_truth': 1.0923925102625385}"
0.0,0.1,0.1,action_truth,1.8100000000000014,0,1.0,"{'lie': -0.7, 'truth': 0.7}","{'action_lie': 0.9507688108256241, 'action_truth': 1.06431145539133}"
0.0,0.1,0.1,action_truth,1.8700000000000014,1,1.0,"{'lie': -0.7, 'truth': 0.7}","{'action_lie': 0.5711899680410392, 'action_truth': 1.0086340819722812}"
0.0,0.1,0.1,action_lie,1.9000000000000015,1,1.0,"{'lie': -0.7, 'truth': 0.7}","{'action_lie': 1.5834821664384797, 'action_truth': 1.867884445462065}"
0.0,0.1,0.1,action_truth,1.8100000000000014,0,1.0,"{'lie': -0.7, 'truth': 0.7}","{'action_lie': 0.8643551501544059, 'action_truth': 1.1785447910107385}"
0.0,0.1,0.1,action_lie,1.8200000000000014,1,1.0,"{'lie': -0.7, 'truth': 0.7}","{'action_lie': 2.005652663141169, 'action_truth': 0.8471357057116626}"
0.0,0.1,0.1,action_lie,1.8200000000000014,1,1.0,"{'lie': -0.7, 'truth': 0.7}","{'action_lie': 1.566479859677533, 'action_truth': 0.988719450328319}"
0.0,0.1,0.1,action_lie,1.8100000000000014,0,1.0,"{'lie': -0.7, 'truth': 0.7}","{'action_lie': 1.1769824417710195, 'action_truth': 0.9794352685078481}"
0.0,0.1,0.1,action_truth,1.8100000000000014,0,1.0,"{'lie': -0.7, 'truth': 0.7}","{'action_lie': 0.8603558571263756, 'action_truth': 1.0144614113374908}"
0.0,0.1,0.1,action_lie,1.8100000000000014,0,1.0,"{'lie': -0.7, 'truth': 0.7}","{'action_lie': 1.497420842789367, 'action_truth': 0.6022560910263428}"
0.0,0.1,0.1,action_lie,1.9000000000000015,1,1.0,"{'lie': -0.7, 'truth': 0.7}","{'action_lie': 1.0124381474043431, 'action_truth': 0.934159438200374}"
0.0,0.1,0.1,action_lie,1.8200000000000014,1,1.0,"{'lie': -0.7, 'truth': 0.7}","{'action_lie': 2.1768654542804633, 'action_truth': 1.629593175581183}"
0.0,0.1,0.1,action_lie,1.8200000000000014,1,1.0,"{'lie': -0.7, 'truth': 0.7}","{'action_lie': 1.3594922045603506, 'action_truth': 1.8889299791614547}"
0.0,0.1,0.1,action_lie,1.8200000000000014,1,1.0,"{'lie': -0.7, 'truth': 0.7}","{'action_lie': 1.3083914125684508, 'action_truth': 1.8930267555079947}"
0.0,0.1,0.1,action_lie,1.8100000000000014,0,1.0,"{'lie': -0.7, 'truth': 0.7}","{'action_lie': 1.1228084260672886, 'action_truth': 0.6120891838010213}"
0.0,0.1,0.1,action_lie,1.8200000000000014,1,1.0,"{'lie': -0.7, 'truth': 0.7}","{'action_lie': 1.3490240437983574, 'action_truth': 1.5630981908700246}"
0.0,0.1,0.1,action_lie,1.8200000000000014,1,1.0,"{'lie': -0.7, 'truth': 0.7}","{'action_lie': 1.277994340364553, 'action_truth': 2.0374054734093154}"
0.0,0.1,0.1,action_lie,1.8200000000000014,1,1.0,"{'lie': -0.7, 'truth': 0.7}","{'action_lie': 1.7246131538626592, 'action_truth': 1.3684912367184208}"
0.0,0.1,0.1,action_lie,1.9600000000000015,1,1.0,"{'lie': -0.7, 'truth': 0.7}","{'action_lie': 1.8478285719037788, 'action_truth': 1.8747343944701926}"
0.0,0.1,0.1,action_lie,1.8300000000000014,1,1.0,"{'lie': -0.7, 'truth': 0.7}","{'action_lie': 1.9419940592070164, 'action_truth': 1.5179124837636904}"
0.0,0.1,0.1,action_lie,1.8100000000000014,0,1.0,"{'lie': -0.7, 'truth': 0.7}","{'action_lie': 1.129074202119594, 'action_truth': 0.8103349953232}"
0.0,0.1,0.1,action_lie,1.8200000000000014,1,1.0,"{'lie': -0.7, 'truth': 0.7}","{'action_lie': 1.1367913682969084, 'action_truth': 1.4657055902514318}"
0.0,0.1,0.1,action_lie,1.8200000000000014,1,1.0,"{'lie': -0.7, 'truth': 0.7}","{'action_lie': 1.4546767439533943, 'action_truth': 1.361641706379086}"
0.0,0.1,0.1,action_lie,1.8200000000000014,1,1.0,"{'lie': -0.7, 'truth': 0.7}","{'action_lie': 1.345927769651244, 'action_truth': 2.005959998110135}"
0.0,0.1,0.1,action_lie,1.8900000000000015,1,1.0,"{'lie': -0.7, 'truth': 0.7}","{'action_lie': 1.0022336449652098, 'action_truth': 0.8034459964460197}"
0.0,0.1,0.1,action_lie,1.8200000000000014,1,1.0,"{'lie': -0.7, 'truth': 0.7}","{'action_lie': 1.2889840186097752, 'action_truth': 0.6258866489892421}"
0.0,0.1,0.1,action_lie,1.8200000000000014,1,1.0,"{'lie': -0.7, 'truth': 0.7}","{'action_lie': 1.2348601489034647, 'action_truth': 1.5484667070342994}"
0.0,0.1,0.1,action_lie,1.8100000000000014,0,1.0,"{'lie': -0.7, 'truth': 0.7}","{'action_lie': 1.0326862886293766, 'action_truth': 0.5935727012529676}"
0.0,0.1,0.1,action_lie,1.8200000000000014,1,1.0,"{'lie': -0.7, 'truth': 0.7}","{'action_lie': 1.5154714979307153, 'action_truth': 1.6313927603064688}"
0.0,0.1,0.1,action_lie,1.8200000000000014,1,1.0,"{'lie': -0.7, 'truth': 0.7}","{'action_lie': 1.1342711730943973, 'action_truth': 1.4962641213161945}"
0.0,0.1,0.1,action_lie,1.8200000000000014,1,1.0,"{'lie': -0.7, 'truth': 0.7}","{'action_lie': 1.2686126073044217, 'action_truth': 1.2863191523481754}"
0.0,0.1,0.1,action_lie,1.8100000000000014,0,1.0,"{'lie': -0.7, 'truth': 0.7}","{'action_lie': 1.0728242093327844, 'action_truth': 0.40956856840970207}"
0.0,0.1,0.1,action_lie,1.8300000000000014,1,1.0,"{'lie': -0.7, 'truth': 0.7}","{'action_lie': 1.3730191432213357, 'action_truth': 1.1947177997321752}"
0.0,0.1,0.1,action_lie,1.8200000000000014,1,1.0,"{'lie': -0.7, 'truth': 0.7}","{'action_lie': 1.792793513101923, 'action_truth': 1.6606996499940214}"
0.0,0.1,0.1,action_truth,1.8100000000000014,0,1.0,"{'lie': -0.7, 'truth': 0.7}","{'action_lie': 0.48128982638769396, 'action_truth': 1.3292481376526128}"
0.0,0.1,0.1,action_truth,2.3699999999999934,1,1.0,"{'lie': -0.7, 'truth': 0.7}","{'action_lie': 0.9621984953549824, 'action_truth': 1.0009041436783601}"
0.0,0.1,0.1,action_truth,1.9000000000000015,1,1.0,"{'lie': -0.7, 'truth': 0.7}","{'action_lie': 0.7567549499783113, 'action_truth': 1.0145780516696463}"
0.0,0.1,0.1,action_truth,1.8100000000000014,0,1.0,"{'lie': -0.7, 'truth': 0.7}","{'action_lie': 0.6877046202262475, 'action_truth': 1.0985204871226726}"
0.0,0.1,0.1,action_lie,1.8400000000000014,1,1.0,"{'lie': -0.7, 'truth': 0.7}","{'action_lie': 1.0048629965041291, 'action_truth': 0.8503966251290183}"
0.0,0.1,0.1,action_lie,1.8800000000000014,1,1.0,"{'lie': -0.7, 'truth': 0.7}","{'action_lie': 1.003036571277763, 'action_truth': 0.6440921046137841}"
0.0,0.1,0.1,action_truth,1.8100000000000014,0,1.0,"{'lie': -0.7, 'truth': 0.7}","{'action_lie': 0.619950878745067, 'action_truth': 1.1802085539551572}"
0.0,0.1,0.1,action_lie,1.8100000000000014,0,1.0,"{'lie': -0.7, 'truth': 0.7}","{'action_lie': 1.0294519365116914, 'action_truth': 0.7887851113726522}"
0.0,0.1,0.1,action_truth,1.8200000000000014,1,1.0,"{'lie': -0.7, 'truth': 0.7}","{'action_lie': 0.9754107504459493, 'action_truth': 1.4041759745406739}"
0.0,0.1,0.1,action_lie,1.8200000000000014,1,1.0,"{'lie': -0.7, 'truth': 0.7}","{'action_lie': 1.4676931905578026, 'action_truth': 1.4676094713169778}"
0.0,0.1,0.1,action_lie,1.8100000000000014,0,1.0,"{'lie': -0.7, 'truth': 0.7}","{'action_lie': 1.114306721576623, 'action_truth': 0.37505654015686135}"
0.0,0.1,0.1,action_lie,1.8200000000000014,1,1.0,"{'lie': -0.7, 'truth': 0.7}","{'action_lie': 1.9826777254357828, 'action_truth': 1.1623551880588918}"
0.0,0.1,0.1,action_lie,2.1399999999999983,1,1.0,"{'lie': -0.7, 'truth': 0.7}","{'action_lie': 1.0076240347246646, 'action_truth': 0.792697571567298}"
0.0,0.1,0.1,action_truth,1.8100000000000014,0,1.0,"{'lie': -0.7, 'truth': 0.7}","{'action_lie': 0.9561292618121193, 'action_truth': 1.0855352600368942}"
0.0,0.1,0.1,action_lie,1.8500000000000014,1,1.0,"{'lie': -0.7, 'truth': 0.7}","{'action_lie': 1.9092063400402075, 'action_truth': 1.750257308825386}"
0.0,0.1,0.1,action_lie,1.8200000000000014,1,1.0,"{'lie': -0.7, 'truth': 0.7}","{'action_lie': 1.3298286704663098, 'action_truth': 1.0712853463211294}"
0.0,0.1,0.1,action_lie,1.8200000000000014,1,1.0,"{'lie': -0.7, 'truth': 0.7}","{'action_lie': 1.3374621540832436, 'action_truth': 0.9430865525258643}"
0.0,0.1,0.1,action_lie,1.9800000000000015,1,1.0,"{'lie': -0.7, 'truth': 0.7}","{'action_lie': 1.0062961702461652, 'action_truth': 0.9950975546319492}"
0.0,0.1,0.1,action_lie,1.8100000000000014,0,1.0,"{'lie': -0.7, 'truth': 0.7}","{'action_lie': 1.0123956043113889, 'action_truth': 0.8270256885494676}"
0.0,0.1,0.1,action_truth,1.9900000000000015,1,1.0,"{'lie': -0.7, 'truth': 0.7}","{'action_lie': 0.8369327292867423, 'action_truth': 1.0042425394263195}"
0.0,0.1,0.1,action_truth,1.8100000000000014,0,1.0,"{'lie': -0.7, 'truth': 0.7}","{'action_lie': 0.559649025536996, 'action_truth': 1.286395118483462}"
0.0,0.1,0.1,action_truth,1.8100000000000014,0,1.0,"{'lie': -0.7, 'truth': 0.7}","{'action_lie': 0.6170005061791122, 'action_truth': 1.5660070501110044}"
0.0,0.1,0.1,action_truth,1.8100000000000014,0,1.0,"{'lie': -0.7, 'truth': 0.7}","{'action_lie': 0.7748758376547997, 'action_truth': 1.1775918868675797}"
0.0,0.1,0.1,action_lie,1.8100000000000014,0,1.0,"{'lie': -0.7, 'truth': 0.7}","{'action_lie': 1.1026643512991525, 'action_truth': 0.8648650723693935}"
0.0,0.1,0.1,action_lie,1.8500000000000014,1,1.0,"{'lie': -0.7, 'truth': 0.7}","{'action_lie': 1.0055383771128783, 'action_truth': 0.6033593507296258}"
0.0,0.1,0.1,action_lie,1.8200000000000014,1,1.0,"{'lie': -0.7, 'truth': 0.7}","{'action_lie': 1.2144372009612636, 'action_truth': 1.2384610802648208}"
0.0,0.1,0.1,action_truth,1.8100000000000014,0,1.0,"{'lie': -0.7, 'truth': 0.7}","{'action_lie': 0.6369154509930215, 'action_truth': 1.0768881052155603}"
0.0,0.1,0.1,action_truth,2.1299999999999986,1,1.0,"{'lie': -0.7, 'truth': 0.7}","{'action_lie': 0.893773575365847, 'action_truth': 1.0042940586503721}"
0.0,0.1,0.1,action_lie,1.8100000000000014,0,1.0,"{'lie': -0.7, 'truth': 0.7}","{'action_lie': 1.0130171957618423, 'action_truth': 0.818655931651346}"
0.0,0.1,0.1,action_lie,1.8200000000000014,1,1.0,"{'lie': -0.7, 'truth': 0.7}","{'action_lie': 1.1125648992200152, 'action_truth': 1.0017631602361705}"
0.0,0.1,0.1,action_truth,1.8200000000000014,1,1.0,"{'lie': -0.7, 'truth': 0.7}","{'action_lie': 0.9498299362412979, 'action_truth': 1.311223849973844}"
0.0,0.1,0.1,action_lie,1.8200000000000014,1,1.0,"{'lie': -0.7, 'truth': 0.7}","{'action_lie': 1.3959036649464514, 'action_truth': 1.045411115371553}"
0.0,0.1,0.1,action_lie,1.8200000000000014,1,1.0,"{'lie': -0.7, 'truth': 0.7}","{'action_lie': 1.6778076251945593, 'action_truth': 1.313373282673329}"
0.0,0.1,0.1,action_truth,1.9700000000000015,1,1.0,"{'lie': -0.7, 'truth': 0.7}","{'action_lie': 0.6472697293246084, 'action_truth': 1.003980401413606}"
0.0,0.1,0.1,action_lie,1.8200000000000014,1,1.0,"{'lie': -0.7, 'truth': 0.7}","{'action_lie': 1.6463724897787462, 'action_truth': 1.1270199451023264}"
0.0,0.1,0.1,action_lie,1.8100000000000014,0,1.0,"{'lie': -0.7, 'truth': 0.7}","{'action_lie': 1.2092369686600515, 'action_truth': 0.7522388255331022}"
0.0,0.1,0.1,action_lie,1.8100000000000014,0,1.0,"{'lie': -0.7, 'truth': 0.7}","{'action_lie': 1.1876040322440635, 'action_truth': 0.9981405892474496}"
0.0,0.1,0.1,action_lie,1.8100000000000014,0,1.0,"{'lie': -0.7, 'truth': 0.7}","{'action_lie': 1.1365783358650308, 'action_truth': 1.1399138791202335}"
0.0,0.1,0.1,action_lie,1.8200000000000014,1,1.0,"{'lie': -0.7, 'truth': 0.7}","{'action_lie': 1.4480644058582377, 'action_truth': 1.2581982821967799}"
0.0,0.1,0.1,action_lie,1.8200000000000014,1,1.0,"{'lie': -0.7, 'truth': 0.7}","{'action_lie': 1.1950495797562746, 'action_truth': 1.597239519711076}"
0.0,0.1,0.1,action_lie,1.8200000000000014,1,1.0,"{'lie': -0.7, 'truth': 0.7}","{'action_lie': 1.469463345065803, 'action_truth': 1.5696879672706303}"
0.0,0.1,0.1,action_lie,1.8200000000000014,1,1.0,"{'lie': -0.7, 'truth': 0.7}","{'action_lie': 1.5735209141043598, 'action_truth': 1.6690095729595977}"
0.0,0.1,0.1,action_lie,1.8100000000000014,0,1.0,"{'lie': -0.7, 'truth': 0.7}","{'action_lie': 1.2394755388145888, 'action_truth': 0.7316855687854871}"
0.0,0.1,0.1,action_lie,1.8300000000000014,1,1.0,"{'lie': -0.7, 'truth': 0.7}","{'action_lie': 1.0030930803524951, 'action_truth': 0.8137641019098593}"
0.0,0.1,0.1,action_lie,1.8200000000000014,1,1.0,"{'lie': -0.7, 'truth': 0.7}","{'action_lie': 1.5034484439166507, 'action_truth': 1.107978761866188}"
0.0,0.1,0.1,action_lie,1.8200000000000014,1,1.0,"{'lie': -0.7, 'truth': 0.7}","{'action_lie': 1.2482137492798178, 'action_truth': 1.6133140927479677}"
0.0,0.1,0.1,action_lie,1.8100000000000014,0,1.0,"{'lie': -0.7, 'truth': 0.7}","{'action_lie': 1.390827921186624, 'action_truth': 0.8551115842922732}"
0.0,0.1,0.1,action_lie,1.8800000000000014,1,1.0,"{'lie': -0.7, 'truth': 0.7}","{'action_lie': 1.6520559127863679, 'action_truth': 1.1402517570243265}"
0.0,0.1,0.1,action_truth,1.8100000000000014,0,1.0,"{'lie': -0.7, 'truth': 0.7}","{'action_lie': 0.6020879767801907, 'action_truth': 1.0920911897290915}"
0.0,0.1,0.1,action_lie,1.8200000000000014,1,1.0,"{'lie': -0.7, 'truth': 0.7}","{'action_lie': 1.232043715584221, 'action_truth': 1.6016836311380398}"
0.0,0.1,0.1,action_lie,1.8100000000000014,0,1.0,"{'lie': -0.7, 'truth': 0.7}","{'action_lie': 1.0689044180694929, 'action_truth': 0.6999070546472211}"
0.0,0.1,0.1,action_lie,1.8200000000000014,1,1.0,"{'lie': -0.7, 'truth': 0.7}","{'action_lie': 1.451682863506902, 'action_truth': 1.8608797705714843}"
0.0,0.1,0.1,action_lie,1.8100000000000014,0,1.0,"{'lie': -0.7, 'truth': 0.7}","{'action_lie': 1.1681834914356535, 'action_truth': 0.5062065379972788}"
0.0,0.1,0.1,action_lie,1.8100000000000014,0,1.0,"{'lie': -0.7, 'truth': 0.7}","{'action_lie': 1.159134580892219, 'action_truth': 0.5916653356512902}"
0.0,0.1,0.1,action_lie,1.8200000000000014,1,1.0,"{'lie': -0.7, 'truth': 0.7}","{'action_lie': 1.562607419984911, 'action_truth': 1.253346257368577}"
0.0,0.1,0.1,action_lie,1.8200000000000014,1,1.0,"{'lie': -0.7, 'truth': 0.7}","{'action_lie': 1.6961136610044893, 'action_truth': 1.2245540074854175}"
0.0,0.1,0.1,action_lie,1.8200000000000014,1,1.0,"{'lie': -0.7, 'truth': 0.7}","{'action_lie': 1.667350142159137, 'action_truth': 1.252698236200967}"
0.0,0.1,0.1,action_lie,1.8200000000000014,1,1.0,"{'lie': -0.7, 'truth': 0.7}","{'action_lie': 1.726948063165328, 'action_truth': 1.1153309484895717}"
0.0,0.1,0.1,action_lie,1.8200000000000014,1,1.0,"{'lie': -0.7, 'truth': 0.7}","{'action_lie': 1.4658316000611271, 'action_truth': 1.3346200968836979}"
0.0,0.1,0.1,action_truth,1.8100000000000014,0,1.0,"{'lie': -0.7, 'truth': 0.7}","{'action_lie': 0.9603853527983892, 'action_truth': 1.2213307031848872}"
0.0,0.1,0.1,action_truth,1.8100000000000014,0,1.0,"{'lie': -0.7, 'truth': 0.7}","{'action_lie': 0.7388497643889017, 'action_truth': 1.0015533023085152}"
0.0,0.1,0.1,action_truth,1.8200000000000014,1,1.0,"{'lie': -0.7, 'truth': 0.7}","{'action_lie': 0.9294332160094781, 'action_truth': 1.7894119403300899}"
0.0,0.1,0.1,action_lie,2.0500000000000003,0,1.0,"{'lie': -0.7, 'truth': 0.7}","{'action_lie': 1.0182194542909577, 'action_truth': 0.18870035039655378}"
0.0,0.1,0.1,action_lie,1.8200000000000014,1,1.0,"{'lie': -0.7, 'truth': 0.7}","{'action_lie': 1.6941127584530489, 'action_truth': 1.1040585437638348}"
0.0,0.1,0.1,action_lie,1.8200000000000014,1,1.0,"{'lie': -0.7, 'truth': 0.7}","{'action_lie': 1.503329416097004, 'action_truth': 1.0240465451979237}"
0.0,0.1,0.1,action_lie,1.8200000000000014,1,1.0,"{'lie': -0.7, 'truth': 0.7}","{'action_lie': 1.6378272366343223, 'action_truth': 1.5441226449677696}"
0.0,0.1,0.1,action_lie,1.8200000000000014,1,1.0,"{'lie': -0.7, 'truth': 0.7}","{'action_lie': 1.2885441452042496, 'action_truth': 1.5041894570967331}"
0.0,0.1,0.1,action_lie,1.8200000000000014,1,1.0,"{'lie': -0.7, 'truth': 0.7}","{'action_lie': 1.1955371322294215, 'action_truth': 1.2664989063706018}"
0.0,0.1,0.1,action_lie,1.8100000000000014,0,1.0,"{'lie': -0.7, 'truth': 0.7}","{'action_lie': 1.314783604426776, 'action_truth': 0.8580255391128094}"
0.0,0.1,0.1,action_lie,1.8200000000000014,1,1.0,"{'lie': -0.7, 'truth': 0.7}","{'action_lie': 1.8641357527978735, 'action_truth': 1.8605508732579743}"
0.0,0.1,0.1,action_lie,1.8200000000000014,1,1.0,"{'lie': -0.7, 'truth': 0.7}","{'action_lie': 1.6251058769599518, 'action_truth': 1.569518223631247}"
0.0,0.1,0.1,action_lie,1.8200000000000014,1,1.0,"{'lie': -0.7, 'truth': 0.7}","{'action_lie': 1.5776429123823508, 'action_truth': 1.3593721475750324}"
0.0,0.1,0.1,action_lie,1.8200000000000014,1,1.0,"{'lie': -0.7, 'truth': 0.7}","{'action_lie': 1.695799242454706, 'action_truth': 1.3329700293706945}"
0.0,0.1,0.1,action_truth,1.8100000000000014,0,1.0,"{'lie': -0.7, 'truth': 0.7}","{'action_lie': 0.8607039159521682, 'action_truth': 1.054568662653361}"
0.0,0.1,0.1,action_truth,1.8200000000000014,1,1.0,"{'lie': -0.7, 'truth': 0.7}","{'action_lie': 0.9951797727905506, 'action_truth': 1.3405713383662254}"
0.0,0.1,0.1,action_lie,1.8200000000000014,1,1.0,"{'lie': -0.7, 'truth': 0.7}","{'action_lie': 1.7810745411076707, 'action_truth': 1.3467719372574682}"
0.0,0.1,0.1,action_truth,1.8100000000000014,0,1.0,"{'lie': -0.7, 'truth': 0.7}","{'action_lie': 0.3724219929990324, 'action_truth': 1.0268198820954337}"
0.0,0.1,0.1,action_lie,1.8100000000000014,0,1.0,"{'lie': -0.7, 'truth': 0.7}","{'action_lie': 1.0306388395172148, 'action_truth': 0.6193229959169391}"
0.0,0.1,0.1,action_lie,1.8200000000000014,1,1.0,"{'lie': -0.7, 'truth': 0.7}","{'action_lie': 1.5483697281658981, 'action_truth': 1.7968020130497806}"
0.0,0.1,0.1,action_lie,1.8100000000000014,0,1.0,"{'lie': -0.7, 'truth': 0.7}","{'action_lie': 1.1794072764351957, 'action_truth': 0.9205778845370887}"
0.0,0.1,0.1,action_lie,1.8100000000000014,0,1.0,"{'lie': -0.7, 'truth': 0.7}","{'action_lie': 1.105377180209123, 'action_truth': 1.1513298445249478}"
0.0,0.1,0.1,action_truth,1.8200000000000014,1,1.0,"{'lie': -0.7, 'truth': 0.7}","{'action_lie': 0.8242363922140518, 'action_truth': 1.5765423842177506}"
0.0,0.1,0.1,action_lie,1.8200000000000014,1,1.0,"{'lie': -0.7, 'truth': 0.7}","{'action_lie': 1.8655400599695402, 'action_truth': 1.7153048453677788}"
0.0,0.1,0.1,action_lie,1.8700000000000014,1,1.0,"{'lie': -0.7, 'truth': 0.7}","{'action_lie': 1.015287743680313, 'action_truth': 0.5960690214695791}"
0.0,0.1,0.1,action_lie,1.8200000000000014,1,1.0,"{'lie': -0.7, 'truth': 0.7}","{'action_lie': 1.413123782410621, 'action_truth': 1.7762789521067603}"
0.0,0.1,0.1,action_truth,1.8100000000000014,0,1.0,"{'lie': -0.7, 'truth': 0.7}","{'action_lie': 0.43536145651679986, 'action_truth': 1.0064948922555854}"
0.0,0.1,0.1,action_truth,1.8100000000000014,0,1.0,"{'lie': -0.7, 'truth': 0.7}","{'action_lie': 0.613319998460277, 'action_truth': 1.4108425372551423}"
0.0,0.1,0.1,action_lie,1.8900000000000015,1,1.0,"{'lie': -0.7, 'truth': 0.7}","{'action_lie': 1.0118790358677843, 'action_truth': 0.7687075483952366}"
0.0,0.1,0.1,action_lie,1.8200000000000014,1,1.0,"{'lie': -0.7, 'truth': 0.7}","{'action_lie': 1.2142847208791585, 'action_truth': 1.6560801499189275}"
0.0,0.1,0.1,action_lie,1.8200000000000014,1,1.0,"{'lie': -0.7, 'truth': 0.7}","{'action_lie': 1.3333099693617618, 'action_truth': 1.8506745618566252}"
0.0,0.1,0.1,action_lie,1.8100000000000014,0,1.0,"{'lie': -0.7, 'truth': 0.7}","{'action_lie': 1.0895957330683108, 'action_truth': 1.258443575375027}"
0.0,0.1,0.1,action_lie,1.8100000000000014,0,1.0,"{'lie': -0.7, 'truth': 0.7}","{'action_lie': 1.3395339775792412, 'action_truth': 0.6193301012891357}"
0.0,0.1,0.1,action_lie,1.8100000000000014,0,1.0,"{'lie': -0.7, 'truth': 0.7}","{'action_lie': 1.0350666917060454, 'action_truth': 1.5402022933424975}"
0.0,0.1,0.1,action_lie,1.8100000000000014,0,1.0,"{'lie': -0.7, 'truth': 0.7}","{'action_lie': 1.094523539686194, 'action_truth': 0.5232535436066252}"
0.0,0.1,0.1,action_lie,1.8200000000000014,1,1.0,"{'lie': -0.7, 'truth': 0.7}","{'action_lie': 1.2288131957811685, 'action_truth': 2.1388923180518487}"
0.0,0.1,0.1,action_lie,1.8100000000000014,0,1.0,"{'lie': -0.7, 'truth': 0.7}","{'action_lie': 1.0764002386814502, 'action_truth': 0.8701315963604237}"
0.0,0.1,0.1,action_truth,1.8100000000000014,0,1.0,"{'lie': -0.7, 'truth': 0.7}","{'action_lie': 0.7261000052133103, 'action_truth': 1.0822885042241577}"
0.0,0.1,0.1,action_lie,1.8200000000000014,1,1.0,"{'lie': -0.7, 'truth': 0.7}","{'action_lie': 1.6181523819654993, 'action_truth': 1.1064656853839083}"
0.0,0.1,0.1,action_lie,1.8200000000000014,1,1.0,"{'lie': -0.7, 'truth': 0.7}","{'action_lie': 1.7040667898514632, 'action_truth': 1.5199794648148268}"
0.0,0.1,0.1,action_lie,1.8200000000000014,1,1.0,"{'lie': -0.7, 'truth': 0.7}","{'action_lie': 1.4842874579844592, 'action_truth': 0.7027032063136566}"
0.0,0.1,0.1,action_lie,1.8100000000000014,0,1.0,"{'lie': -0.7, 'truth': 0.7}","{'action_lie': 1.2856735483602397, 'action_truth': 1.1869485262401969}"
0.0,0.1,0.1,action_lie,1.8200000000000014,1,1.0,"{'lie': -0.7, 'truth': 0.7}","{'action_lie': 1.1745088736010396, 'action_truth': 1.1741660548501096}"
0.0,0.1,0.1,action_lie,1.8200000000000014,1,1.0,"{'lie': -0.7, 'truth': 0.7}","{'action_lie': 1.691409681562673, 'action_truth': 1.3658318936286065}"
0.0,0.1,0.1,action_lie,1.8200000000000014,1,1.0,"{'lie': -0.7, 'truth': 0.7}","{'action_lie': 1.5929250766157805, 'action_truth': 1.3658131010477836}"
0.0,0.1,0.1,action_lie,1.8200000000000014,1,1.0,"{'lie': -0.7, 'truth': 0.7}","{'action_lie': 1.0080174964269535, 'action_truth': 0.9076062899876459}"
0.0,0.1,0.1,action_truth,2.2299999999999964,1,1.0,"{'lie': -0.7, 'truth': 0.7}","{'action_lie': 0.93086733241616, 'action_truth': 1.0056523580404912}"
0.0,0.1,0.1,action_lie,1.8200000000000014,1,1.0,"{'lie': -0.7, 'truth': 0.7}","{'action_lie': 1.9427909529331429, 'action_truth': 1.2852236562237929}"
0.0,0.1,0.1,action_lie,1.8300000000000014,1,1.0,"{'lie': -0.7, 'truth': 0.7}","{'action_lie': 1.786399541801498, 'action_truth': 1.7486040711480282}"
0.0,0.1,0.1,action_lie,1.8200000000000014,1,1.0,"{'lie': -0.7, 'truth': 0.7}","{'action_lie': 1.3765317942453363, 'action_truth': 1.2416404188515038}"
0.0,0.1,0.1,action_lie,1.8100000000000014,0,1.0,"{'lie': -0.7, 'truth': 0.7}","{'action_lie': 1.3578270041120895, 'action_truth': 0.9710815221639764}"
0.0,0.1,0.1,action_truth,1.8100000000000014,0,1.0,"{'lie': -0.7, 'truth': 0.7}","{'action_lie': 0.9198291589466697, 'action_truth': 1.1032850077922933}"
0.0,0.1,0.1,action_lie,1.8100000000000014,0,1.0,"{'lie': -0.7, 'truth': 0.7}","{'action_lie': 1.059549191443057, 'action_truth': 0.7539600076715205}"
0.0,0.1,0.1,action_lie,2.0300000000000007,1,1.0,"{'lie': -0.7, 'truth': 0.7}","{'action_lie': 1.3782860451500933, 'action_truth': 1.7301852669217586}"
0.0,0.1,0.1,action_lie,1.8200000000000014,1,1.0,"{'lie': -0.7, 'truth': 0.7}","{'action_lie': 1.7309468618391768, 'action_truth': 1.9469330331178787}"
0.0,0.1,0.1,action_lie,1.8200000000000014,1,1.0,"{'lie': -0.7, 'truth': 0.7}","{'action_lie': 1.055449479862016, 'action_truth': 1.2599675735805727}"
0.0,0.1,0.1,action_lie,1.8100000000000014,0,1.0,"{'lie': -0.7, 'truth': 0.7}","{'action_lie': 1.4728627438290365, 'action_truth': 0.9819570637286775}"
0.0,0.1,0.1,action_lie,1.8100000000000014,0,1.0,"{'lie': -0.7, 'truth': 0.7}","{'action_lie': 1.358351795529557, 'action_truth': 1.1784007872341442}"
0.0,0.1,0.1,action_lie,1.8200000000000014,1,1.0,"{'lie': -0.7, 'truth': 0.7}","{'action_lie': 1.542048567377599, 'action_truth': 1.646149253180718}"
0.0,0.1,0.1,action_lie,1.8200000000000014,1,1.0,"{'lie': -0.7, 'truth': 0.7}","{'action_lie': 1.426020430045116, 'action_truth': 1.5248936245451872}"
0.0,0.1,0.1,action_lie,1.8200000000000014,1,1.0,"{'lie': -0.7, 'truth': 0.7}","{'action_lie': 1.586345026221564, 'action_truth': 1.448433320661673}"
0.0,0.1,0.1,action_lie,1.8200000000000014,1,1.0,"{'lie': -0.7, 'truth': 0.7}","{'action_lie': 1.3560747418301966, 'action_truth': 1.2539425336001093}"
0.0,0.1,0.1,action_lie,1.8200000000000014,1,1.0,"{'lie': -0.7, 'truth': 0.7}","{'action_lie': 1.3700450354058447, 'action_truth': 1.4247992651341335}"
0.0,0.1,0.1,action_lie,1.8200000000000014,1,1.0,"{'lie': -0.7, 'truth': 0.7}","{'action_lie': 1.3768945090233242, 'action_truth': 1.227988353386864}"
0.0,0.1,0.1,action_lie,1.8100000000000014,0,1.0,"{'lie': -0.7, 'truth': 0.7}","{'action_lie': 1.1527021855033743, 'action_truth': 0.7552114176109495}"
0.0,0.1,0.1,action_truth,1.8100000000000014,0,1.0,"{'lie': -0.7, 'truth': 0.7}","{'action_lie': 0.5248007619313058, 'action_truth': 1.0167137700035729}"
0.0,0.1,0.1,action_lie,1.8900000000000015,1,1.0,"{'lie': -0.7, 'truth': 0.7}","{'action_lie': 2.0443608549977577, 'action_truth': 1.5960331810540767}"
0.0,0.1,0.1,action_lie,1.8200000000000014,1,1.0,"{'lie': -0.7, 'truth': 0.7}","{'action_lie': 1.2112497622753224, 'action_truth': 1.3139580950266987}"
0.0,0.1,0.1,action_lie,1.6700000000000013,0,1.0,"{'lie': -0.7, 'truth': 0.7}","{'action_lie': 1.0003601342249278, 'action_truth': 0.36848721013347163}"
0.0,0.1,0.1,action_truth,1.8100000000000014,0,1.0,"{'lie': -0.7, 'truth': 0.7}","{'action_lie': 0.5786872001854887, 'action_truth': 1.0875737794042188}"
0.0,0.1,0.1,action_lie,1.8200000000000014,1,1.0,"{'lie': -0.7, 'truth': 0.7}","{'action_lie': 1.4615788049160432, 'action_truth': 1.2947413011822242}"
0.0,0.1,0.1,action_lie,1.8200000000000014,1,1.0,"{'lie': -0.7, 'truth': 0.7}","{'action_lie': 1.3620129184581051, 'action_truth': 1.418827893207717}"
0.0,0.1,0.1,action_lie,1.8200000000000014,1,1.0,"{'lie': -0.7, 'truth': 0.7}","{'action_lie': 1.6570828322089735, 'action_truth': 1.176855084766284}"
0.0,0.1,0.1,action_lie,1.8100000000000014,0,1.0,"{'lie': -0.7, 'truth': 0.7}","{'action_lie': 1.3489382447383678, 'action_truth': 0.7884099991877742}"
0.0,0.1,0.1,action_lie,1.8100000000000014,0,1.0,"{'lie': -0.7, 'truth': 0.7}","{'action_lie': 1.0426807478941003, 'action_truth': 0.61226762333656}"
0.0,0.1,0.1,action_truth,1.8200000000000014,1,1.0,"{'lie': -0.7, 'truth': 0.7}","{'action_lie': 0.43676438264434264, 'action_truth': 1.5580801935902184}"
0.0,0.1,0.1,action_lie,1.8200000000000014,1,1.0,"{'lie': -0.7, 'truth': 0.7}","{'action_lie': 1.0097679147923437, 'action_truth': 1.6426858497950283}"
0.0,0.1,0.1,action_lie,1.8200000000000014,1,1.0,"{'lie': -0.7, 'truth': 0.7}","{'action_lie': 1.5254698764567116, 'action_truth': 1.1413282321780185}"
0.0,0.1,0.1,action_lie,1.8200000000000014,1,1.0,"{'lie': -0.7, 'truth': 0.7}","{'action_lie': 1.516927599365123, 'action_truth': 1.3987402788340588}"
0.0,0.1,0.1,action_lie,1.8200000000000014,1,1.0,"{'lie': -0.7, 'truth': 0.7}","{'action_lie': 1.0678296020184672, 'action_truth': 1.5793776518882199}"
0.0,0.1,0.1,action_truth,1.8700000000000014,1,1.0,"{'lie': -0.7, 'truth': 0.7}","{'action_lie': 0.3236123566369154, 'action_truth': 1.0003350059814073}"
0.0,0.1,0.1,action_lie,1.8200000000000014,1,1.0,"{'lie': -0.7, 'truth': 0.7}","{'action_lie': 1.1315023559544106, 'action_truth': 1.0851552648799572}"
0.0,0.1,0.1,action_truth,1.8200000000000014,1,1.0,"{'lie': -0.7, 'truth': 0.7}","{'action_lie': 0.8878244615979318, 'action_truth': 1.4991921831918527}"
0.0,0.1,0.1,action_lie,1.8200000000000014,1,1.0,"{'lie': -0.7, 'truth': 0.7}","{'action_lie': 1.415540800574861, 'action_truth': 1.53524081707502}"
0.0,0.1,0.1,action_lie,1.9200000000000015,1,1.0,"{'lie': -0.7, 'truth': 0.7}","{'action_lie': 1.0037504128369468, 'action_truth': 0.46628159130325275}"
0.0,0.1,0.1,action_lie,1.8100000000000014,0,1.0,"{'lie': -0.7, 'truth': 0.7}","{'action_lie': 1.0963245255836451, 'action_truth': 0.27303557617870616}"
0.0,0.1,0.1,action_lie,1.8100000000000014,0,1.0,"{'lie': -0.7, 'truth': 0.7}","{'action_lie': 1.1773029006543128, 'action_truth': 0.44291983919668493}"
0.0,0.1,0.1,action_lie,1.8200000000000014,1,1.0,"{'lie': -0.7, 'truth': 0.7}","{'action_lie': 1.4446630285737634, 'action_truth': 1.1986227018609956}"
0.0,0.1,0.1,action_truth,1.8100000000000014,0,1.0,"{'lie': -0.7, 'truth': 0.7}","{'action_lie': 0.8249388766223341, 'action_truth': 1.057859323768765}"
0.0,0.1,0.1,action_truth,2.0000000000000013,1,1.0,"{'lie': -0.7, 'truth': 0.7}","{'action_lie': 0.7740259804078978, 'action_truth': 1.017332510874254}"
0.0,0.1,0.1,action_lie,1.8100000000000014,0,1.0,"{'lie': -0.7, 'truth': 0.7}","{'action_lie': 1.1417341542373152, 'action_truth': 1.0523107587526055}"
0.0,0.1,0.1,action_lie,1.8400000000000014,1,1.0,"{'lie': -0.7, 'truth': 0.7}","{'action_lie': 1.5780823043099437, 'action_truth': 1.8745952349553976}"
0.0,0.1,0.1,action_truth,1.8100000000000014,0,1.0,"{'lie': -0.7, 'truth': 0.7}","{'action_lie': 0.6015592335786167, 'action_truth': 1.0651191090508532}"
0.0,0.1,0.1,action_lie,1.8200000000000014,1,1.0,"{'lie': -0.7, 'truth': 0.7}","{'action_lie': 1.6608007177059316, 'action_truth': 1.4811361397445855}"
0.0,0.1,0.1,action_lie,1.8100000000000014,0,1.0,"{'lie': -0.7, 'truth': 0.7}","{'action_lie': 1.1365330986449254, 'action_truth': 1.1474867690769455}"
0.0,0.1,0.1,action_truth,1.9300000000000015,1,1.0,"{'lie': -0.7, 'truth': 0.7}","{'action_lie': 0.508641430640712, 'action_truth': 1.0167913872582095}"
0.0,0.1,0.1,action_truth,1.8100000000000014,0,1.0,"{'lie': -0.7, 'truth': 0.7}","{'action_lie': 0.7033713574086137, 'action_truth': 1.0876457244823439}"
0.0,0.1,0.1,action_lie,1.8200000000000014,1,1.0,"{'lie': -0.7, 'truth': 0.7}","{'action_lie': 1.5461743609985457, 'action_truth': 1.1459331524316552}"
0.0,0.1,0.1,action_lie,1.8200000000000014,1,1.0,"{'lie': -0.7, 'truth': 0.7}","{'action_lie': 1.5024220819638388, 'action_truth': 1.8985155450297435}"
0.0,0.1,0.1,action_lie,1.8200000000000014,1,1.0,"{'lie': -0.7, 'truth': 0.7}","{'action_lie': 1.19516937277013, 'action_truth': 1.6626261985468633}"
0.0,0.1,0.1,action_lie,1.8100000000000014,0,1.0,"{'lie': -0.7, 'truth': 0.7}","{'action_lie': 1.033294916853221, 'action_truth': 0.7067114124145266}"
0.0,0.1,0.1,action_lie,1.8300000000000014,1,1.0,"{'lie': -0.7, 'truth': 0.7}","{'action_lie': 1.3204503760042077, 'action_truth': 2.0213961297637524}"
0.0,0.1,0.1,action_lie,1.8200000000000014,1,1.0,"{'lie': -0.7, 'truth': 0.7}","{'action_lie': 1.2882998754278725, 'action_truth': 1.2031499478059549}"
0.0,0.1,0.1,action_truth,1.9300000000000015,1,1.0,"{'lie': -0.7, 'truth': 0.7}","{'action_lie': 0.6896598717940219, 'action_truth': 1.0072102285670903}"
0.0,0.1,0.1,action_lie,1.8100000000000014,0,1.0,"{'lie': -0.7, 'truth': 0.7}","{'action_lie': 1.3576936305047818, 'action_truth': 0.9260492697791467}"
0.0,0.1,0.1,action_truth,1.8100000000000014,0,1.0,"{'lie': -0.7, 'truth': 0.7}","{'action_lie': 0.528824056595101, 'action_truth': 1.146656991050596}"
0.0,0.1,0.1,action_lie,1.8100000000000014,0,1.0,"{'lie': -0.7, 'truth': 0.7}","{'action_lie': 1.3308145941808263, 'action_truth': 0.6103006354337818}"
0.0,0.1,0.1,action_lie,1.8200000000000014,1,1.0,"{'lie': -0.7, 'truth': 0.7}","{'action_lie': 1.2632965358170376, 'action_truth': 1.3887590146000484}"
0.0,0.1,0.1,action_lie,1.8200000000000014,1,1.0,"{'lie': -0.7, 'truth': 0.7}","{'action_lie': 1.564837490667039, 'action_truth': 2.110477213853998}"
0.0,0.1,0.1,action_lie,2.0300000000000007,1,1.0,"{'lie': -0.7, 'truth': 0.7}","{'action_lie': 1.012821004771667, 'action_truth': 0.4613413280499511}"
0.0,0.1,0.1,action_lie,1.8700000000000014,1,1.0,"{'lie': -0.7, 'truth': 0.7}","{'action_lie': 1.673512845456733, 'action_truth': 1.4487933942562583}"
0.0,0.1,0.1,action_lie,1.8200000000000014,1,1.0,"{'lie': -0.7, 'truth': 0.7}","{'action_lie': 1.0848009884208492, 'action_truth': 1.4636572977111093}"
0.0,0.1,0.1,action_lie,1.8500000000000014,1,1.0,"{'lie': -0.7, 'truth': 0.7}","{'action_lie': 1.4404779389177735, 'action_truth': 1.4829152382962627}"
0.0,0.1,0.1,action_truth,1.8200000000000014,1,1.0,"{'lie': -0.7, 'truth': 0.7}","{'action_lie': 0.8210541932180099, 'action_truth': 1.3008925053335865}"
0.0,0.1,0.1,action_lie,1.8400000000000014,1,1.0,"{'lie': -0.7, 'truth': 0.7}","{'action_lie': 1.6244772154421543, 'action_truth': 1.765832587063909}"
0.0,0.1,0.1,action_lie,1.8200000000000014,1,1.0,"{'lie': -0.7, 'truth': 0.7}","{'action_lie': 1.659497659725799, 'action_truth': 1.519768791317686}"
0.0,0.1,0.1,action_lie,1.8200000000000014,1,1.0,"{'lie': -0.7, 'truth': 0.7}","{'action_lie': 1.7422194356618548, 'action_truth': 1.7445133344298673}"
0.0,0.1,0.1,action_lie,1.8200000000000014,1,1.0,"{'lie': -0.7, 'truth': 0.7}","{'action_lie': 1.634126060153979, 'action_truth': 1.4014373690259299}"
0.0,0.1,0.1,action_lie,1.8100000000000014,0,1.0,"{'lie': -0.7, 'truth': 0.7}","{'action_lie': 1.0568042327341143, 'action_truth': 0.9581796627007122}"
0.0,0.1,0.1,action_lie,1.8200000000000014,1,1.0,"{'lie': -0.7, 'truth': 0.7}","{'action_lie': 1.6799338233556749, 'action_truth': 1.6800954180006977}"
0.0,0.1,0.1,action_lie,1.8100000000000014,0,1.0,"{'lie': -0.7, 'truth': 0.7}","{'action_lie': 1.049961263470329, 'action_truth': 0.680640966678818}"
0.0,0.1,0.1,action_lie,1.8200000000000014,1,1.0,"{'lie': -0.7, 'truth': 0.7}","{'action_lie': 1.64249472135479, 'action_truth': 1.578084183130183}"
0.0,0.1,0.1,action_lie,1.8100000000000014,0,1.0,"{'lie': -0.7, 'truth': 0.7}","{'action_lie': 1.2342108260572575, 'action_truth': 0.448384568932865}"
0.0,0.1,0.1,action_lie,1.8200000000000014,1,1.0,"{'lie': -0.7, 'truth': 0.7}","{'action_lie': 1.4127174417035804, 'action_truth': 1.5412836780603343}"
0.0,0.1,0.1,action_truth,1.8200000000000014,1,1.0,"{'lie': -0.7, 'truth': 0.7}","{'action_lie': 0.6187543049750767, 'action_truth': 1.6382783349742518}"
0.0,0.1,0.1,action_lie,1.8100000000000014,0,1.0,"{'lie': -0.7, 'truth': 0.7}","{'action_lie': 1.0791850970843777, 'action_truth': 1.290689531849637}"
0.0,0.1,0.1,action_truth,1.8100000000000014,0,1.0,"{'lie': -0.7, 'truth': 0.7}","{'action_lie': 0.9799789491360564, 'action_truth': 1.342649747766821}"
0.0,0.1,0.1,action_lie,1.8100000000000014,0,1.0,"{'lie': -0.7, 'truth': 0.7}","{'action_lie': 1.4791723110443387, 'action_truth': 1.1080724112505647}"
0.0,0.1,0.1,action_truth,1.8900000000000015,1,1.0,"{'lie': -0.7, 'truth': 0.7}","{'action_lie': 0.574991400719302, 'action_truth': 1.000612953920106}"
0.0,0.1,0.1,action_lie,1.8200000000000014,1,1.0,"{'lie': -0.7, 'truth': 0.7}","{'action_lie': 1.4006023600253896, 'action_truth': 1.7114647840569759}"
0.0,0.1,0.1,action_lie,1.8100000000000014,0,1.0,"{'lie': -0.7, 'truth': 0.7}","{'action_lie': 1.057300784308063, 'action_truth': 0.8987185352696648}"
0.0,0.1,0.1,action_truth,1.8500000000000014,0,1.0,"{'lie': -0.7, 'truth': 0.7}","{'action_lie': 0.6162582113730493, 'action_truth': 1.4926992485832276}"
0.0,0.1,0.1,action_truth,1.8200000000000014,1,1.0,"{'lie': -0.7, 'truth': 0.7}","{'action_lie': 0.8723616403573196, 'action_truth': 1.5164225720813889}"
0.0,0.1,0.1,action_lie,1.8100000000000014,0,1.0,"{'lie': -0.7, 'truth': 0.7}","{'action_lie': 1.049548990934811, 'action_truth': 1.3073161356729388}"
0.0,0.1,0.1,action_lie,1.8200000000000014,1,1.0,"{'lie': -0.7, 'truth': 0.7}","{'action_lie': 1.4124677261133003, 'action_truth': 1.0955785660869188}"
0.0,0.1,0.1,action_truth,2.0000000000000013,1,1.0,"{'lie': -0.7, 'truth': 0.7}","{'action_lie': 0.9764900314728846, 'action_truth': 1.0091815344990227}"
0.0,0.1,0.1,action_lie,1.8200000000000014,1,1.0,"{'lie': -0.7, 'truth': 0.7}","{'action_lie': 1.6008880064071236, 'action_truth': 0.9530501780878193}"
0.0,0.1,0.1,action_truth,1.8100000000000014,0,1.0,"{'lie': -0.7, 'truth': 0.7}","{'action_lie': 0.6263604719701404, 'action_truth': 1.260064232109845}"
0.0,0.1,0.1,action_lie,2.0899999999999994,1,1.0,"{'lie': -0.7, 'truth': 0.7}","{'action_lie': 1.0185879983084243, 'action_truth': 0.416083995556017}"
0.0,0.1,0.1,action_lie,1.8100000000000014,0,1.0,"{'lie': -0.7, 'truth': 0.7}","{'action_lie': 1.1926608191285892, 'action_truth': 0.5273430675422235}"
0.0,0.1,0.1,action_lie,1.8200000000000014,1,1.0,"{'lie': -0.7, 'truth': 0.7}","{'action_lie': 1.675065578345446, 'action_truth': 1.5964911234863055}"
0.0,0.1,0.1,action_lie,1.8500000000000014,1,1.0,"{'lie': -0.7, 'truth': 0.7}","{'action_lie': 1.1793062280629372, 'action_truth': 1.6199371741610633}"
0.0,0.1,0.1,action_lie,1.8200000000000014,1,1.0,"{'lie': -0.7, 'truth': 0.7}","{'action_lie': 1.8771281585895434, 'action_truth': 0.8514770358298389}"
0.0,0.1,0.1,action_lie,2.0500000000000003,1,1.0,"{'lie': -0.7, 'truth': 0.7}","{'action_lie': 1.0029230228042965, 'action_truth': 0.8907855129648248}"
0.0,0.1,0.1,action_lie,1.8200000000000014,1,1.0,"{'lie': -0.7, 'truth': 0.7}","{'action_lie': 1.8617234778280245, 'action_truth': 1.6071880704472203}"
0.0,0.1,0.1,action_truth,1.8500000000000014,1,1.0,"{'lie': -0.7, 'truth': 0.7}","{'action_lie': 0.8486798808734883, 'action_truth': 1.000270942527789}"
0.0,0.1,0.1,action_lie,1.8100000000000014,0,1.0,"{'lie': -0.7, 'truth': 0.7}","{'action_lie': 1.0229257666345113, 'action_truth': 0.9016837992957384}"
0.0,0.1,0.1,action_lie,1.8200000000000014,1,1.0,"{'lie': -0.7, 'truth': 0.7}","{'action_lie': 1.510806020414565, 'action_truth': 1.354197427079831}"
0.0,0.1,0.1,action_lie,1.8200000000000014,1,1.0,"{'lie': -0.7, 'truth': 0.7}","{'action_lie': 1.7998028373658654, 'action_truth': 1.3809728859844137}"
0.0,0.1,0.1,action_lie,1.9100000000000015,1,1.0,"{'lie': -0.7, 'truth': 0.7}","{'action_lie': 1.0127229223804128, 'action_truth': 0.5837903998535902}"
0.0,0.1,0.1,action_lie,1.8200000000000014,1,1.0,"{'lie': -0.7, 'truth': 0.7}","{'action_lie': 1.8669518057203636, 'action_truth': 1.3410799122145385}"
0.0,0.1,0.1,action_truth,1.8600000000000014,1,1.0,"{'lie': -0.7, 'truth': 0.7}","{'action_lie': 0.7409628415428872, 'action_truth': 1.0163100545945647}"
0.0,0.1,0.1,action_lie,1.8400000000000014,1,1.0,"{'lie': -0.7, 'truth': 0.7}","{'action_lie': 1.9483675345448233, 'action_truth': 1.0826372218349203}"
0.0,0.1,0.1,action_truth,1.8100000000000014,0,1.0,"{'lie': -0.7, 'truth': 0.7}","{'action_lie': 0.968385012684812, 'action_truth': 1.3570480737700703}"
0.0,0.1,0.1,action_lie,1.8100000000000014,0,1.0,"{'lie': -0.7, 'truth': 0.7}","{'action_lie': 1.0138274863384138, 'action_truth': 0.5292384795321573}"
0.0,0.1,0.1,action_truth,1.8100000000000014,0,1.0,"{'lie': -0.7, 'truth': 0.7}","{'action_lie': 0.3777597122124521, 'action_truth': 1.4840982591166973}"
0.0,0.1,0.1,action_truth,1.8200000000000014,1,1.0,"{'lie': -0.7, 'truth': 0.7}","{'action_lie': 0.9623355513471423, 'action_truth': 1.1281548817912148}"
0.0,0.1,0.1,action_truth,1.8100000000000014,0,1.0,"{'lie': -0.7, 'truth': 0.7}","{'action_lie': 0.5807864976380369, 'action_truth': 1.0241391239789217}"
0.0,0.1,0.1,action_lie,2.3299999999999943,1,1.0,"{'lie': -0.7, 'truth': 0.7}","{'action_lie': 1.0138741079381026, 'action_truth': 0.7778418769706074}"
0.0,0.1,0.1,action_lie,1.8200000000000014,1,1.0,"{'lie': -0.7, 'truth': 0.7}","{'action_lie': 1.5998765117289355, 'action_truth': 1.5188528789582079}"
0.0,0.1,0.1,action_truth,1.9200000000000015,1,1.0,"{'lie': -0.7, 'truth': 0.7}","{'action_lie': 0.5260949894879452, 'action_truth': 1.0027267370752193}"
0.0,0.1,0.1,action_lie,1.8100000000000014,0,1.0,"{'lie': -0.7, 'truth': 0.7}","{'action_lie': 1.0295997976197926, 'action_truth': 0.2942477108539892}"
0.0,0.1,0.1,action_lie,1.8200000000000014,1,1.0,"{'lie': -0.7, 'truth': 0.7}","{'action_lie': 1.0044275634849973, 'action_truth': 0.9848524841399355}"
0.0,0.1,0.1,action_lie,1.8200000000000014,1,1.0,"{'lie': -0.7, 'truth': 0.7}","{'action_lie': 1.3334255326499123, 'action_truth': 1.3362104981067735}"
0.0,0.1,0.1,action_lie,1.8800000000000014,1,1.0,"{'lie': -0.7, 'truth': 0.7}","{'action_lie': 1.6619280299642842, 'action_truth': 1.4974797377577838}"
0.0,0.1,0.1,action_lie,1.8200000000000014,1,1.0,"{'lie': -0.7, 'truth': 0.7}","{'action_lie': 1.490251212658272, 'action_truth': 1.6838382646592822}"
0.0,0.1,0.1,action_lie,1.8200000000000014,1,1.0,"{'lie': -0.7, 'truth': 0.7}","{'action_lie': 1.722737567684921, 'action_truth': 1.2511012984436116}"
0.0,0.1,0.1,action_truth,1.8100000000000014,0,1.0,"{'lie': -0.7, 'truth': 0.7}","{'action_lie': 0.7384281979400561, 'action_truth': 1.0109349851890055}"
0.0,0.1,0.1,action_lie,1.8200000000000014,1,1.0,"{'lie': -0.7, 'truth': 0.7}","{'action_lie': 1.6104403459065548, 'action_truth': 1.8129563992930595}"
0.0,0.1,0.1,action_truth,1.8100000000000014,0,1.0,"{'lie': -0.7, 'truth': 0.7}","{'action_lie': 0.4149406037702636, 'action_truth': 1.122564761539203}"
0.0,0.1,0.1,action_lie,1.8200000000000014,1,1.0,"{'lie': -0.7, 'truth': 0.7}","{'action_lie': 1.730940672149645, 'action_truth': 1.1642820815129549}"
0.0,0.1,0.1,action_truth,1.8100000000000014,0,1.0,"{'lie': -0.7, 'truth': 0.7}","{'action_lie': 0.947937630141315, 'action_truth': 1.145064164434499}"
0.0,0.1,0.1,action_lie,1.8200000000000014,1,1.0,"{'lie': -0.7, 'truth': 0.7}","{'action_lie': 1.5251526754014972, 'action_truth': 1.3786749909572336}"
0.0,0.1,0.1,action_lie,1.8200000000000014,1,1.0,"{'lie': -0.7, 'truth': 0.7}","{'action_lie': 1.9153087959277302, 'action_truth': 1.392942075357493}"
0.0,0.1,0.1,action_truth,1.8100000000000014,0,1.0,"{'lie': -0.7, 'truth': 0.7}","{'action_lie': 0.3038273322972251, 'action_truth': 1.0505016407949375}"
0.0,0.1,0.1,action_truth,1.8400000000000014,1,1.0,"{'lie': -0.7, 'truth': 0.7}","{'action_lie': 0.905449320385926, 'action_truth': 1.001046951645694}"
0.0,0.1,0.1,action_lie,1.8200000000000014,1,1.0,"{'lie': -0.7, 'truth': 0.7}","{'action_lie': 1.5105410553091558, 'action_truth': 1.283724541720393}"
0.0,0.1,0.1,action_lie,1.8100000000000014,0,1.0,"{'lie': -0.7, 'truth': 0.7}","{'action_lie': 1.0141744028110622, 'action_truth': 0.9359324845637792}"
0.0,0.1,0.1,action_lie,1.8200000000000014,1,1.0,"{'lie': -0.7, 'truth': 0.7}","{'action_lie': 1.4904445656918754, 'action_truth': 1.4894202464610762}"
0.0,0.1,0.1,action_lie,1.8200000000000014,1,1.0,"{'lie': -0.7, 'truth': 0.7}","{'action_lie': 1.1384182228175532, 'action_truth': 1.5498457722664036}"
0.0,0.1,0.1,action_truth,1.8200000000000014,1,1.0,"{'lie': -0.7, 'truth': 0.7}","{'action_lie': 0.7464839434273762, 'action_truth': 2.0818240469554654}"
0.0,0.1,0.1,action_lie,1.8200000000000014,1,1.0,"{'lie': -0.7, 'truth': 0.7}","{'action_lie': 1.5837670270153992, 'action_truth': 1.5192239023845997}"
0.0,0.1,0.1,action_lie,2.249999999999996,1,1.0,"{'lie': -0.7, 'truth': 0.7}","{'action_lie': 1.6850994504448296, 'action_truth': 1.6561386491290055}"
0.0,0.1,0.1,action_lie,1.8300000000000014,1,1.0,"{'lie': -0.7, 'truth': 0.7}","{'action_lie': 1.3192189352436856, 'action_truth': 1.8791927648632725}"
0.0,0.1,0.1,action_lie,1.8200000000000014,1,1.0,"{'lie': -0.7, 'truth': 0.7}","{'action_lie': 1.3814908923804696, 'action_truth': 1.6725126737094547}"
0.0,0.1,0.1,action_truth,1.8100000000000014,0,1.0,"{'lie': -0.7, 'truth': 0.7}","{'action_lie': 0.8704404026588136, 'action_truth': 1.2878209055495942}"
0.0,0.1,0.1,action_lie,1.8100000000000014,0,1.0,"{'lie': -0.7, 'truth': 0.7}","{'action_lie': 1.0442924263264575, 'action_truth': 1.2752474160659637}"
0.0,0.1,0.1,action_truth,1.8500000000000014,1,1.0,"{'lie': -0.7, 'truth': 0.7}","{'action_lie': 0.37609831105394614, 'action_truth': 1.013330848367615}"
0.0,0.1,0.1,action_truth,1.8100000000000014,0,1.0,"{'lie': -0.7, 'truth': 0.7}","{'action_lie': 0.6592206682109626, 'action_truth': 1.0112689331319973}"
0.0,0.1,0.1,action_lie,1.8200000000000014,1,1.0,"{'lie': -0.7, 'truth': 0.7}","{'action_lie': 1.2997739317608066, 'action_truth': 1.027071966346846}"
0.0,0.1,0.1,action_truth,1.8100000000000014,0,1.0,"{'lie': -0.7, 'truth': 0.7}","{'action_lie': 0.33057763596543865, 'action_truth': 1.0697940936320118}"
0.0,0.1,0.1,action_lie,1.8100000000000014,0,1.0,"{'lie': -0.7, 'truth': 0.7}","{'action_lie': 1.0894550032104366, 'action_truth': 0.6877586607435583}"
0.0,0.1,0.1,action_lie,1.8200000000000014,1,1.0,"{'lie': -0.7, 'truth': 0.7}","{'action_lie': 1.0063360991814585, 'action_truth': 0.6582638192987132}"
0.0,0.1,0.1,action_lie,1.8200000000000014,1,1.0,"{'lie': -0.7, 'truth': 0.7}","{'action_lie': 1.378101090601734, 'action_truth': 1.622889582683175}"
0.0,0.1,0.1,action_lie,1.8200000000000014,1,1.0,"{'lie': -0.7, 'truth': 0.7}","{'action_lie': 1.1353075570366433, 'action_truth': 1.5021230414350455}"
0.0,0.1,0.1,action_lie,1.8200000000000014,1,1.0,"{'lie': -0.7, 'truth': 0.7}","{'action_lie': 1.2552972671021971, 'action_truth': 1.7067432328307846}"
0.0,0.1,0.1,action_lie,1.8200000000000014,1,1.0,"{'lie': -0.7, 'truth': 0.7}","{'action_lie': 1.6849179178696758, 'action_truth': 1.2713178700830703}"
0.0,0.1,0.1,action_lie,1.8300000000000014,1,1.0,"{'lie': -0.7, 'truth': 0.7}","{'action_lie': 1.0333598785440625, 'action_truth': 0.9161542529096961}"
0.0,0.1,0.1,action_lie,1.8200000000000014,1,1.0,"{'lie': -0.7, 'truth': 0.7}","{'action_lie': 1.7048956214225606, 'action_truth': 1.4218819322391456}"
0.0,0.1,0.1,action_truth,1.8200000000000014,0,1.0,"{'lie': -0.7, 'truth': 0.7}","{'action_lie': 0.8295076023080015, 'action_truth': 1.5444300519876177}"
0.0,0.1,0.1,action_lie,1.8200000000000014,1,1.0,"{'lie': -0.7, 'truth': 0.7}","{'action_lie': 1.8089403890412332, 'action_truth': 2.045438994684938}"
0.0,0.1,0.1,action_lie,1.8200000000000014,1,1.0,"{'lie': -0.7, 'truth': 0.7}","{'action_lie': 1.6506374412560696, 'action_truth': 1.6639416054668712}"
0.0,0.1,0.1,action_lie,1.8200000000000014,1,1.0,"{'lie': -0.7, 'truth': 0.7}","{'action_lie': 1.6970850287943715, 'action_truth': 1.8722841800340664}"
0.0,0.1,0.1,action_lie,1.8100000000000014,0,1.0,"{'lie': -0.7, 'truth': 0.7}","{'action_lie': 1.0237531473329609, 'action_truth': 0.8292339901574584}"
0.0,0.1,0.1,action_lie,2.07,1,1.0,"{'lie': -0.7, 'truth': 0.7}","{'action_lie': 1.0075770370682116, 'action_truth': 0.8250669032210322}"
0.0,0.1,0.1,action_lie,1.8100000000000014,0,1.0,"{'lie': -0.7, 'truth': 0.7}","{'action_lie': 1.1611624269069643, 'action_truth': 0.6097373524624334}"
0.0,0.1,0.1,action_lie,1.8100000000000014,0,1.0,"{'lie': -0.7, 'truth': 0.7}","{'action_lie': 1.394782145890835, 'action_truth': 0.8929407508069945}"
0.0,0.1,0.1,action_truth,1.8100000000000014,0,1.0,"{'lie': -0.7, 'truth': 0.7}","{'action_lie': 0.5070097953800765, 'action_truth': 1.0720163686382016}"
0.0,0.1,0.1,action_lie,1.8200000000000014,1,1.0,"{'lie': -0.7, 'truth': 0.7}","{'action_lie': 1.1854014299769615, 'action_truth': 1.4539793552629332}"
0.0,0.1,0.1,action_truth,1.8300000000000014,1,1.0,"{'lie': -0.7, 'truth': 0.7}","{'action_lie': 0.9025298706070857, 'action_truth': 1.88251273221699}"
0.0,0.1,0.1,action_lie,1.8200000000000014,1,1.0,"{'lie': -0.7, 'truth': 0.7}","{'action_lie': 1.3266306738302145, 'action_truth': 1.7957808006669167}"
0.0,0.1,0.1,action_lie,1.8200000000000014,1,1.0,"{'lie': -0.7, 'truth': 0.7}","{'action_lie': 1.3451328097075206, 'action_truth': 1.3220778816059786}"
0.0,0.1,0.1,action_lie,1.8200000000000014,1,1.0,"{'lie': -0.7, 'truth': 0.7}","{'action_lie': 1.3113351865181995, 'action_truth': 1.0793166936689171}"
0.0,0.1,0.1,action_lie,1.8700000000000014,1,1.0,"{'lie': -0.7, 'truth': 0.7}","{'action_lie': 1.0015445969715997, 'action_truth': 0.9230331484927968}"
0.0,0.1,0.1,action_lie,1.8100000000000014,0,1.0,"{'lie': -0.7, 'truth': 0.7}","{'action_lie': 1.2394675196613754, 'action_truth': 0.09166496147317064}"
0.0,0.1,0.1,action_truth,1.8100000000000014,0,1.0,"{'lie': -0.7, 'truth': 0.7}","{'action_lie': 0.6034404850455666, 'action_truth': 1.0731569326169468}"
0.0,0.1,0.1,action_lie,1.8200000000000014,1,1.0,"{'lie': -0.7, 'truth': 0.7}","{'action_lie': 1.7324441666469512, 'action_truth': 1.1780978497717476}"
0.0,0.1,0.1,action_truth,2.0000000000000013,1,1.0,"{'lie': -0.7, 'truth': 0.7}","{'action_lie': 0.5316239777044749, 'action_truth': 1.0081020785257282}"
0.0,0.1,0.1,action_truth,1.8100000000000014,0,1.0,"{'lie': -0.7, 'truth': 0.7}","{'action_lie': 0.8144410376299507, 'action_truth': 1.045431878073799}"
0.0,0.1,0.1,action_truth,1.8100000000000014,0,1.0,"{'lie': -0.7, 'truth': 0.7}","{'action_lie': 0.9850696875424616, 'action_truth': 1.0208177392220465}"
0.0,0.1,0.1,action_lie,1.8200000000000014,1,1.0,"{'lie': -0.7, 'truth': 0.7}","{'action_lie': 1.6561166664745484, 'action_truth': 1.5507996010121998}"
0.0,0.1,0.1,action_lie,1.8200000000000014,1,1.0,"{'lie': -0.7, 'truth': 0.7}","{'action_lie': 1.474054694626903, 'action_truth': 1.5211017968335465}"
0.0,0.1,0.1,action_lie,1.8100000000000014,0,1.0,"{'lie': -0.7, 'truth': 0.7}","{'action_lie': 1.144665315721153, 'action_truth': 0.6834973567413906}"
0.0,0.1,0.1,action_lie,1.8500000000000014,1,1.0,"{'lie': -0.7, 'truth': 0.7}","{'action_lie': 1.9717530407328185, 'action_truth': 1.8275224122853537}"
0.0,0.1,0.1,action_truth,1.8200000000000014,1,1.0,"{'lie': -0.7, 'truth': 0.7}","{'action_lie': 0.7841434011453687, 'action_truth': 1.007843993186729}"
0.0,0.1,0.1,action_lie,1.8200000000000014,1,1.0,"{'lie': -0.7, 'truth': 0.7}","{'action_lie': 1.1896767758625981, 'action_truth': 1.2328769640754298}"
0.0,0.1,0.1,action_lie,1.8100000000000014,0,1.0,"{'lie': -0.7, 'truth': 0.7}","{'action_lie': 1.2358836755060283, 'action_truth': 1.0324671309654103}"
0.0,0.1,0.1,action_truth,1.8100000000000014,0,1.0,"{'lie': -0.7, 'truth': 0.7}","{'action_lie': 0.8232763308775439, 'action_truth': 1.0487767563029742}"
0.0,0.1,0.1,action_lie,1.8100000000000014,0,1.0,"{'lie': -0.7, 'truth': 0.7}","{'action_lie': 1.330758299991962, 'action_truth': 0.24140816278761643}"
0.0,0.1,0.1,action_truth,1.8100000000000014,0,1.0,"{'lie': -0.7, 'truth': 0.7}","{'action_lie': 0.21870360155666735, 'action_truth': 1.1069274239597893}"
0.0,0.1,0.1,action_lie,1.8200000000000014,1,1.0,"{'lie': -0.7, 'truth': 0.7}","{'action_lie': 1.0912409236971572, 'action_truth': 1.443663266855822}"
0.0,0.1,0.1,action_lie,1.8200000000000014,1,1.0,"{'lie': -0.7, 'truth': 0.7}","{'action_lie': 1.4475932594348817, 'action_truth': 1.5254828942550431}"
0.0,0.1,0.1,action_lie,1.8200000000000014,1,1.0,"{'lie': -0.7, 'truth': 0.7}","{'action_lie': 1.4687044823031807, 'action_truth': 1.2809123275537442}"
0.0,0.1,0.1,action_lie,1.8200000000000014,1,1.0,"{'lie': -0.7, 'truth': 0.7}","{'action_lie': 2.1573371593041855, 'action_truth': 1.7428198506654926}"
0.0,0.1,0.1,action_lie,1.8100000000000014,0,1.0,"{'lie': -0.7, 'truth': 0.7}","{'action_lie': 1.0148171049865269, 'action_truth': 0.5266748524799609}"
0.0,0.1,0.1,action_truth,1.8100000000000014,0,1.0,"{'lie': -0.7, 'truth': 0.7}","{'action_lie': 0.5228726719713596, 'action_truth': 1.0372833865235498}"
0.0,0.1,0.1,action_lie,1.8200000000000014,1,1.0,"{'lie': -0.7, 'truth': 0.7}","{'action_lie': 1.3210056711085674, 'action_truth': 1.2946529297468703}"
0.0,0.1,0.1,action_lie,1.8200000000000014,1,1.0,"{'lie': -0.7, 'truth': 0.7}","{'action_lie': 1.0266748506625356, 'action_truth': 1.286751405001956}"
0.0,0.1,0.1,action_lie,1.8100000000000014,0,1.0,"{'lie': -0.7, 'truth': 0.7}","{'action_lie': 1.0045375985768006, 'action_truth': 0.9364563189092038}"
0.0,0.1,0.1,action_lie,1.8800000000000014,1,1.0,"{'lie': -0.7, 'truth': 0.7}","{'action_lie': 1.717938840882662, 'action_truth': 1.568257512125106}"
0.0,0.1,0.1,action_lie,1.8200000000000014,1,1.0,"{'lie': -0.7, 'truth': 0.7}","{'action_lie': 1.0659309413118006, 'action_truth': 1.1518290506166975}"
0.0,0.1,0.1,action_lie,1.8200000000000014,1,1.0,"{'lie': -0.7, 'truth': 0.7}","{'action_lie': 1.782267305808205, 'action_truth': 1.5463450814789856}"
0.0,0.1,0.1,action_lie,1.8200000000000014,1,1.0,"{'lie': -0.7, 'truth': 0.7}","{'action_lie': 1.0436145441808593, 'action_truth': 1.657059445273872}"
0.0,0.1,0.1,action_truth,1.8100000000000014,0,1.0,"{'lie': -0.7, 'truth': 0.7}","{'action_lie': 0.5877859901699912, 'action_truth': 1.0154626780734468}"
0.0,0.1,0.1,action_truth,1.8100000000000014,0,1.0,"{'lie': -0.7, 'truth': 0.7}","{'action_lie': 0.6962236117655773, 'action_truth': 1.0092256211457644}"
0.0,0.1,0.1,action_lie,1.8200000000000014,1,1.0,"{'lie': -0.7, 'truth': 0.7}","{'action_lie': 1.3355732332500585, 'action_truth': 1.6328039658215874}"
0.0,0.1,0.1,action_lie,1.8100000000000014,0,1.0,"{'lie': -0.7, 'truth': 0.7}","{'action_lie': 1.0648997344552678, 'action_truth': 1.3588814007789844}"
0.0,0.1,0.1,action_lie,1.8100000000000014,0,1.0,"{'lie': -0.7, 'truth': 0.7}","{'action_lie': 1.0262622741071359, 'action_truth': 0.21587006436416104}"
0.0,0.1,0.1,action_lie,1.9700000000000015,1,1.0,"{'lie': -0.7, 'truth': 0.7}","{'action_lie': 1.01908336711671, 'action_truth': 0.7064064521215496}"
0.0,0.1,0.1,action_truth,1.8200000000000014,1,1.0,"{'lie': -0.7, 'truth': 0.7}","{'action_lie': 0.45562113912676017, 'action_truth': 1.0063588162822779}"
0.0,0.1,0.1,action_truth,1.8100000000000014,0,1.0,"{'lie': -0.7, 'truth': 0.7}","{'action_lie': 0.710945835441561, 'action_truth': 1.3641379114436025}"
0.0,0.1,0.1,action_truth,1.8200000000000014,1,1.0,"{'lie': -0.7, 'truth': 0.7}","{'action_lie': 0.9886626644825652, 'action_truth': 1.38860513180615}"
0.0,0.1,0.1,action_lie,1.8200000000000014,1,1.0,"{'lie': -0.7, 'truth': 0.7}","{'action_lie': 1.2895700835494333, 'action_truth': 1.9564172568670133}"
0.0,0.1,0.1,action_lie,1.8100000000000014,0,1.0,"{'lie': -0.7, 'truth': 0.7}","{'action_lie': 1.2017439428787706, 'action_truth': 0.6059342125308901}"
0.0,0.1,0.1,action_lie,1.8200000000000014,1,1.0,"{'lie': -0.7, 'truth': 0.7}","{'action_lie': 1.0278465528085583, 'action_truth': 1.611342511204405}"
0.0,0.1,0.1,action_lie,1.8200000000000014,1,1.0,"{'lie': -0.7, 'truth': 0.7}","{'action_lie': 1.5031689985442072, 'action_truth': 1.16693810199269}"
0.0,0.1,0.1,action_lie,1.8100000000000014,0,1.0,"{'lie': -0.7, 'truth': 0.7}","{'action_lie': 1.2231363275251388, 'action_truth': 0.6850521676411288}"
0.0,0.1,0.1,action_lie,1.8200000000000014,1,1.0,"{'lie': -0.7, 'truth': 0.7}","{'action_lie': 1.8267412331825326, 'action_truth': 1.2686426081587308}"
0.0,0.1,0.1,action_truth,1.8100000000000014,0,1.0,"{'lie': -0.7, 'truth': 0.7}","{'action_lie': 0.8802547566984017, 'action_truth': 1.0534999189970509}"
0.0,0.1,0.1,action_lie,1.8200000000000014,1,1.0,"{'lie': -0.7, 'truth': 0.7}","{'action_lie': 1.688374355659737, 'action_truth': 1.639899737726067}"
0.0,0.1,0.1,action_truth,1.8100000000000014,0,1.0,"{'lie': -0.7, 'truth': 0.7}","{'action_lie': 0.6693886140071708, 'action_truth': 1.004834091595575}"
0.0,0.1,0.1,action_truth,1.8100000000000014,0,1.0,"{'lie': -0.7, 'truth': 0.7}","{'action_lie': 0.6042917552211056, 'action_truth': 1.0857501558761427}"
0.0,0.1,0.1,action_lie,1.8100000000000014,0,1.0,"{'lie': -0.7, 'truth': 0.7}","{'action_lie': 1.1511299335271539, 'action_truth': 0.7578129122167495}"
0.0,0.1,0.1,action_lie,1.8100000000000014,0,1.0,"{'lie': -0.7, 'truth': 0.7}","{'action_lie': 1.0682683857106046, 'action_truth': 0.5966152201297116}"
0.0,0.1,0.1,action_lie,1.8100000000000014,0,1.0,"{'lie': -0.7, 'truth': 0.7}","{'action_lie': 1.0238496299322668, 'action_truth': 1.2825270121067414}"
0.0,0.1,0.1,action_lie,1.9000000000000015,1,1.0,"{'lie': -0.7, 'truth': 0.7}","{'action_lie': 1.0152422415114746, 'action_truth': 0.03420550650872679}"
0.0,0.1,0.1,action_lie,1.8200000000000014,1,1.0,"{'lie': -0.7, 'truth': 0.7}","{'action_lie': 1.8638469003868101, 'action_truth': 1.4146693092517042}"
0.0,0.1,0.1,action_lie,1.8200000000000014,1,1.0,"{'lie': -0.7, 'truth': 0.7}","{'action_lie': 1.2627941002292702, 'action_truth': 1.2885528464183116}"
0.0,0.1,0.1,action_lie,1.8100000000000014,0,1.0,"{'lie': -0.7, 'truth': 0.7}","{'action_lie': 1.1602522846114287, 'action_truth': 0.6780876574939327}"
0.0,0.1,0.1,action_lie,1.8100000000000014,0,1.0,"{'lie': -0.7, 'truth': 0.7}","{'action_lie': 1.1805458877223323, 'action_truth': 0.7734598703542734}"
0.0,0.1,0.1,action_truth,1.8100000000000014,0,1.0,"{'lie': -0.7, 'truth': 0.7}","{'action_lie': 0.702299608013793, 'action_truth': 1.645498853360414}"
0.0,0.1,0.1,action_lie,1.8200000000000014,1,1.0,"{'lie': -0.7, 'truth': 0.7}","{'action_lie': 1.3695716914850675, 'action_truth': 0.6747371852396302}"
0.0,0.1,0.1,action_truth,1.8100000000000014,0,1.0,"{'lie': -0.7, 'truth': 0.7}","{'action_lie': 0.6337852250023146, 'action_truth': 1.021663301295459}"
0.0,0.1,0.1,action_lie,1.8200000000000014,1,1.0,"{'lie': -0.7, 'truth': 0.7}","{'action_lie': 1.6423332251553202, 'action_truth': 1.646442819462124}"
0.0,0.1,0.1,action_truth,1.8100000000000014,0,1.0,"{'lie': -0.7, 'truth': 0.7}","{'action_lie': 0.8624547952106658, 'action_truth': 1.0119780625084533}"
0.0,0.1,0.1,action_lie,1.8200000000000014,1,1.0,"{'lie': -0.7, 'truth': 0.7}","{'action_lie': 1.6908395369201183, 'action_truth': 1.655350612904167}"
0.0,0.1,0.1,action_lie,1.8100000000000014,0,1.0,"{'lie': -0.7, 'truth': 0.7}","{'action_lie': 1.1393302689005866, 'action_truth': 1.3246388155511022}"
0.0,0.1,0.1,action_lie,1.8200000000000014,1,1.0,"{'lie': -0.7, 'truth': 0.7}","{'action_lie': 1.658442788834327, 'action_truth': 1.321650542176063}"
0.0,0.1,0.1,action_lie,1.8300000000000014,1,1.0,"{'lie': -0.7, 'truth': 0.7}","{'action_lie': 1.0160076415083439, 'action_truth': 0.9487355978585937}"
0.0,0.1,0.1,action_truth,1.8200000000000014,1,1.0,"{'lie': -0.7, 'truth': 0.7}","{'action_lie': 0.8114784037853333, 'action_truth': 1.4800623231441945}"
0.0,0.1,0.1,action_truth,1.8100000000000014,0,1.0,"{'lie': -0.7, 'truth': 0.7}","{'action_lie': 0.562252430196034, 'action_truth': 1.0721329203563525}"
0.0,0.1,0.1,action_lie,1.8200000000000014,1,1.0,"{'lie': -0.7, 'truth': 0.7}","{'action_lie': 1.2256059939803448, 'action_truth': 1.6992757419500792}"
0.0,0.1,0.1,action_lie,1.8100000000000014,0,1.0,"{'lie': -0.7, 'truth': 0.7}","{'action_lie': 1.0126761805260236, 'action_truth': 1.2100262036997451}"
0.0,0.1,0.1,action_lie,1.8100000000000014,0,1.0,"{'lie': -0.7, 'truth': 0.7}","{'action_lie': 1.1112872614810039, 'action_truth': 0.757602587388719}"
0.0,0.1,0.1,action_lie,1.8100000000000014,0,1.0,"{'lie': -0.7, 'truth': 0.7}","{'action_lie': 1.3400744147499402, 'action_truth': 1.0832919448636447}"
0.0,0.1,0.1,action_lie,1.8200000000000014,1,1.0,"{'lie': -0.7, 'truth': 0.7}","{'action_lie': 1.4020506893431188, 'action_truth': 1.0040488695440846}"
0.0,0.1,0.1,action_truth,1.8100000000000014,0,1.0,"{'lie': -0.7, 'truth': 0.7}","{'action_lie': 0.6652504698452328, 'action_truth': 1.234331998843826}"
0.0,0.1,0.1,action_lie,1.8200000000000014,1,1.0,"{'lie': -0.7, 'truth': 0.7}","{'action_lie': 1.0298122151394695, 'action_truth': 1.1076382688587603}"
0.0,0.1,0.1,action_truth,1.8100000000000014,0,1.0,"{'lie': -0.7, 'truth': 0.7}","{'action_lie': 0.6126017807622554, 'action_truth': 1.0481238422954107}"
0.0,0.1,0.1,action_lie,1.8200000000000014,1,1.0,"{'lie': -0.7, 'truth': 0.7}","{'action_lie': 1.297617595690073, 'action_truth': 0.7860145275064223}"
0.0,0.1,0.1,action_lie,1.8100000000000014,0,1.0,"{'lie': -0.7, 'truth': 0.7}","{'action_lie': 1.0019721939361685, 'action_truth': 1.2959402233427995}"
0.0,0.1,0.1,action_lie,1.8200000000000014,1,1.0,"{'lie': -0.7, 'truth': 0.7}","{'action_lie': 1.4813152385844814, 'action_truth': 1.0375833776434291}"
0.0,0.1,0.1,action_lie,1.8200000000000014,1,1.0,"{'lie': -0.7, 'truth': 0.7}","{'action_lie': 1.273387772409436, 'action_truth': 1.2586680585124026}"
0.0,0.1,0.1,action_lie,1.8200000000000014,1,1.0,"{'lie': -0.7, 'truth': 0.7}","{'action_lie': 1.9322828734793853, 'action_truth': 1.017984059306258}"
0.0,0.1,0.1,action_lie,1.8100000000000014,0,1.0,"{'lie': -0.7, 'truth': 0.7}","{'action_lie': 1.0126513848192493, 'action_truth': 1.1814938931443386}"
0.0,0.1,0.1,action_lie,1.8100000000000014,0,1.0,"{'lie': -0.7, 'truth': 0.7}","{'action_lie': 1.2795217082232229, 'action_truth': 0.35473772566768214}"
0.0,0.1,0.1,action_lie,1.8100000000000014,0,1.0,"{'lie': -0.7, 'truth': 0.7}","{'action_lie': 1.0427517584020667, 'action_truth': 0.6789766642071136}"
0.0,0.1,0.1,action_lie,1.8100000000000014,0,1.0,"{'lie': -0.7, 'truth': 0.7}","{'action_lie': 1.2141396474602988, 'action_truth': 0.6098443464857611}"
0.0,0.1,0.1,action_lie,1.8200000000000014,1,1.0,"{'lie': -0.7, 'truth': 0.7}","{'action_lie': 1.2725218529762874, 'action_truth': 1.2217135660561396}"
0.0,0.1,0.1,action_lie,1.8200000000000014,1,1.0,"{'lie': -0.7, 'truth': 0.7}","{'action_lie': 1.7981350699285499, 'action_truth': 1.5044631215195672}"
